timeStamp,elapsed,label,responseCode,responseMessage,threadName,dataType,success,failureMessage,bytes,sentBytes,grpThreads,allThreads,URL,Latency,IdleTime,Connect
1789034400000,607,Login,200,OK,Thread Group 1-1,text,true,,2436,215,1,1,https://example.com/login,425,0,48
1789034400135,554,Search Products,200,OK,Thread Group 1-1,text,true,,2891,91,1,1,https://example.com/search-products,388,0,16
1789034400270,619,View Product,200,OK,Thread Group 1-1,text,true,,1129,170,1,1,https://example.com/view-product,433,0,26
1789034400405,908,Add to Cart,200,OK,Thread Group 1-1,text,true,,787,88,1,1,https://example.com/add-to-cart,636,0,44
1789034400540,609,Checkout,200,OK,Thread Group 1-1,text,true,,2387,112,1,1,https://example.com/checkout,426,0,41
1789034400675,159,Logout,200,OK,Thread Group 1-1,text,true,,2463,186,1,1,https://example.com/logout,111,0,49
1789034401000,188,Login,200,OK,Thread Group 1-2,text,true,,2481,188,2,2,https://example.com/login,132,0,23
1789034401135,637,Search Products,200,OK,Thread Group 1-2,text,true,,2776,157,2,2,https://example.com/search-products,446,0,41
1789034401270,316,View Product,200,OK,Thread Group 1-2,text,true,,1195,84,2,2,https://example.com/view-product,221,0,32
1789034401405,835,Add to Cart,200,OK,Thread Group 1-2,text,true,,1130,177,2,2,https://example.com/add-to-cart,584,0,46
1789034401540,1457,Checkout,200,OK,Thread Group 1-2,text,true,,835,187,2,2,https://example.com/checkout,1020,0,22
1789034401675,229,Logout,200,OK,Thread Group 1-2,text,true,,2665,98,2,2,https://example.com/logout,160,0,19
1789034402000,453,Login,200,OK,Thread Group 1-3,text,true,,2171,161,3,3,https://example.com/login,317,0,30
1789034402135,419,Search Products,200,OK,Thread Group 1-3,text,true,,1262,112,3,3,https://example.com/search-products,293,0,17
1789034402270,417,View Product,200,OK,Thread Group 1-3,text,true,,1049,123,3,3,https://example.com/view-product,292,0,23
1789034402405,495,Add to Cart,200,OK,Thread Group 1-3,text,true,,704,220,3,3,https://example.com/add-to-cart,346,0,29
1789034402540,1014,Checkout,200,OK,Thread Group 1-3,text,true,,1638,206,3,3,https://example.com/checkout,710,0,25
1789034402675,278,Logout,200,OK,Thread Group 1-3,text,true,,1322,83,3,3,https://example.com/logout,195,0,35
1789034403000,281,Login,200,OK,Thread Group 1-4,text,true,,861,177,4,4,https://example.com/login,197,0,13
1789034403135,728,Search Products,200,OK,Thread Group 1-4,text,true,,905,181,4,4,https://example.com/search-products,510,0,15
1789034403270,927,View Product,200,OK,Thread Group 1-4,text,true,,847,164,4,4,https://example.com/view-product,649,0,26
1789034403405,749,Add to Cart,200,OK,Thread Group 1-4,text,true,,900,147,4,4,https://example.com/add-to-cart,524,0,47
1789034403540,823,Checkout,200,OK,Thread Group 1-4,text,true,,2823,161,4,4,https://example.com/checkout,576,0,49
1789034403675,151,Logout,200,OK,Thread Group 1-4,text,true,,1734,222,4,4,https://example.com/logout,106,0,40
1789034404000,483,Login,200,OK,Thread Group 1-5,text,true,,2458,189,5,5,https://example.com/login,338,0,28
1789034404135,515,Search Products,200,OK,Thread Group 1-5,text,true,,2092,172,5,5,https://example.com/search-products,360,0,26
1789034404270,343,View Product,200,OK,Thread Group 1-5,text,true,,1178,145,5,5,https://example.com/view-product,240,0,28
1789034404405,339,Add to Cart,200,OK,Thread Group 1-5,text,true,,1269,128,5,5,https://example.com/add-to-cart,237,0,28
1789034404540,989,Checkout,200,OK,Thread Group 1-5,text,true,,2791,132,5,5,https://example.com/checkout,692,0,31
1789034404675,517,Logout,200,OK,Thread Group 1-5,text,true,,2582,105,5,5,https://example.com/logout,362,0,17
1789034405000,259,Login,200,OK,Thread Group 1-6,text,true,,2428,154,6,6,https://example.com/login,181,0,38
1789034405135,675,Search Products,200,OK,Thread Group 1-6,text,true,,1570,222,6,6,https://example.com/search-products,472,0,37
1789034405270,612,View Product,200,OK,Thread Group 1-6,text,true,,985,183,6,6,https://example.com/view-product,428,0,46
1789034405405,755,Add to Cart,200,OK,Thread Group 1-6,text,true,,1716,214,6,6,https://example.com/add-to-cart,528,0,12
1789034405540,588,Checkout,200,OK,Thread Group 1-6,text,true,,1548,197,6,6,https://example.com/checkout,412,0,24
1789034405675,242,Logout,200,OK,Thread Group 1-6,text,true,,2159,211,6,6,https://example.com/logout,169,0,15
1789034406000,354,Login,200,OK,Thread Group 1-7,text,true,,1806,188,7,7,https://example.com/login,248,0,31
1789034406135,469,Search Products,200,OK,Thread Group 1-7,text,true,,1971,234,7,7,https://example.com/search-products,328,0,29
1789034406270,601,View Product,200,OK,Thread Group 1-7,text,true,,2407,194,7,7,https://example.com/view-product,421,0,25
1789034406405,860,Add to Cart,200,OK,Thread Group 1-7,text,true,,1867,207,7,7,https://example.com/add-to-cart,602,0,24
1789034406540,878,Checkout,200,OK,Thread Group 1-7,text,true,,852,84,7,7,https://example.com/checkout,615,0,39
1789034406675,252,Logout,200,OK,Thread Group 1-7,text,true,,773,97,7,7,https://example.com/logout,176,0,11
1789034407000,284,Login,200,OK,Thread Group 1-8,text,true,,2705,161,8,8,https://example.com/login,199,0,43
1789034407135,361,Search Products,200,OK,Thread Group 1-8,text,true,,1322,204,8,8,https://example.com/search-products,253,0,29
1789034407270,828,View Product,200,OK,Thread Group 1-8,text,true,,1548,202,8,8,https://example.com/view-product,580,0,10
1789034407405,391,Add to Cart,200,OK,Thread Group 1-8,text,true,,928,198,8,8,https://example.com/add-to-cart,274,0,15
1789034407540,845,Checkout,200,OK,Thread Group 1-8,text,true,,1313,219,8,8,https://example.com/checkout,592,0,49
1789034407675,209,Logout,200,OK,Thread Group 1-8,text,true,,2867,152,8,8,https://example.com/logout,146,0,22
1789034408000,285,Login,200,OK,Thread Group 1-9,text,true,,940,124,9,9,https://example.com/login,200,0,13
1789034408135,587,Search Products,200,OK,Thread Group 1-9,text,true,,1823,238,9,9,https://example.com/search-products,411,0,20
1789034408270,669,View Product,200,OK,Thread Group 1-9,text,true,,916,206,9,9,https://example.com/view-product,468,0,27
1789034408405,550,Add to Cart,200,OK,Thread Group 1-9,text,true,,1259,91,9,9,https://example.com/add-to-cart,385,0,33
1789034408540,1156,Checkout,200,OK,Thread Group 1-9,text,true,,1974,96,9,9,https://example.com/checkout,809,0,28
1789034408675,243,Logout,200,OK,Thread Group 1-9,text,true,,2268,170,9,9,https://example.com/logout,170,0,24
1789034409000,384,Login,200,OK,Thread Group 1-10,text,true,,1741,123,10,10,https://example.com/login,269,0,48
1789034409135,842,Search Products,200,OK,Thread Group 1-10,text,true,,1632,109,10,10,https://example.com/search-products,589,0,14
1789034409270,501,View Product,200,OK,Thread Group 1-10,text,true,,720,135,10,10,https://example.com/view-product,351,0,47
1789034409405,630,Add to Cart,200,OK,Thread Group 1-10,text,true,,2911,180,10,10,https://example.com/add-to-cart,441,0,16
1789034409540,699,Checkout,200,OK,Thread Group 1-10,text,true,,2823,93,10,10,https://example.com/checkout,489,0,37
1789034409675,249,Logout,200,OK,Thread Group 1-10,text,true,,1184,107,10,10,https://example.com/logout,174,0,27
1789034410000,287,Login,200,OK,Thread Group 1-11,text,true,,1387,156,11,11,https://example.com/login,201,0,35
1789034410135,770,Search Products,200,OK,Thread Group 1-11,text,true,,1988,136,11,11,https://example.com/search-products,539,0,39
1789034410270,350,View Product,200,OK,Thread Group 1-11,text,true,,756,205,11,11,https://example.com/view-product,245,0,44
1789034410405,601,Add to Cart,200,OK,Thread Group 1-11,text,true,,2305,175,11,11,https://example.com/add-to-cart,421,0,27
1789034410540,939,Checkout,200,OK,Thread Group 1-11,text,true,,921,138,11,11,https://example.com/checkout,657,0,23
1789034410675,419,Logout,200,OK,Thread Group 1-11,text,true,,1130,81,11,11,https://example.com/logout,293,0,30
1789034411000,561,Login,200,OK,Thread Group 1-12,text,true,,1531,108,12,12,https://example.com/login,393,0,21
1789034411135,389,Search Products,200,OK,Thread Group 1-12,text,true,,864,228,12,12,https://example.com/search-products,272,0,14
1789034411270,408,View Product,200,OK,Thread Group 1-12,text,true,,2358,117,12,12,https://example.com/view-product,286,0,43
1789034411405,1057,Add to Cart,200,OK,Thread Group 1-12,text,true,,1398,85,12,12,https://example.com/add-to-cart,740,0,24
1789034411540,636,Checkout,200,OK,Thread Group 1-12,text,true,,1363,130,12,12,https://example.com/checkout,445,0,49
1789034411675,197,Logout,200,OK,Thread Group 1-12,text,true,,877,195,12,12,https://example.com/logout,138,0,48
1789034412000,452,Login,200,OK,Thread Group 1-13,text,true,,1117,136,13,13,https://example.com/login,316,0,32
1789034412135,611,Search Products,200,OK,Thread Group 1-13,text,true,,2352,111,13,13,https://example.com/search-products,428,0,23
1789034412270,406,View Product,200,OK,Thread Group 1-13,text,true,,2812,236,13,13,https://example.com/view-product,284,0,14
1789034412405,773,Add to Cart,200,OK,Thread Group 1-13,text,true,,2668,210,13,13,https://example.com/add-to-cart,541,0,17
1789034412540,1145,Checkout,200,OK,Thread Group 1-13,text,true,,2796,94,13,13,https://example.com/checkout,802,0,28
1789034412675,167,Logout,200,OK,Thread Group 1-13,text,true,,2520,83,13,13,https://example.com/logout,117,0,50
1789034413000,970,Login,200,OK,Thread Group 1-14,text,true,,852,216,14,14,https://example.com/login,679,0,24
1789034413135,447,Search Products,200,OK,Thread Group 1-14,text,true,,777,192,14,14,https://example.com/search-products,313,0,11
1789034413270,553,View Product,200,OK,Thread Group 1-14,text,true,,2405,190,14,14,https://example.com/view-product,387,0,22
1789034413405,397,Add to Cart,200,OK,Thread Group 1-14,text,true,,1575,207,14,14,https://example.com/add-to-cart,278,0,13
1789034413540,874,Checkout,200,OK,Thread Group 1-14,text,true,,2715,106,14,14,https://example.com/checkout,612,0,17
1789034413675,299,Logout,200,OK,Thread Group 1-14,text,true,,1909,118,14,14,https://example.com/logout,209,0,29
1789034414000,204,Login,200,OK,Thread Group 1-15,text,true,,2490,188,15,15,https://example.com/login,143,0,16
1789034414135,808,Search Products,200,OK,Thread Group 1-15,text,true,,1332,226,15,15,https://example.com/search-products,566,0,30
1789034414270,424,View Product,200,OK,Thread Group 1-15,text,true,,1742,147,15,15,https://example.com/view-product,297,0,11
1789034414405,567,Add to Cart,200,OK,Thread Group 1-15,text,true,,2969,226,15,15,https://example.com/add-to-cart,397,0,25
1789034414540,1192,Checkout,200,OK,Thread Group 1-15,text,true,,1593,215,15,15,https://example.com/checkout,834,0,26
1789034414675,223,Logout,200,OK,Thread Group 1-15,text,true,,1152,169,15,15,https://example.com/logout,156,0,45
1789034415000,484,Login,200,OK,Thread Group 1-16,text,true,,2155,230,16,16,https://example.com/login,339,0,20
1789034415135,506,Search Products,200,OK,Thread Group 1-16,text,true,,751,174,16,16,https://example.com/search-products,354,0,29
1789034415270,587,View Product,200,OK,Thread Group 1-16,text,true,,1643,200,16,16,https://example.com/view-product,411,0,27
1789034415405,693,Add to Cart,200,OK,Thread Group 1-16,text,true,,2895,148,16,16,https://example.com/add-to-cart,485,0,26
1789034415540,1111,Checkout,200,OK,Thread Group 1-16,text,true,,1923,210,16,16,https://example.com/checkout,778,0,40
1789034415675,350,Logout,200,OK,Thread Group 1-16,text,true,,1524,152,16,16,https://example.com/logout,245,0,48
1789034416000,357,Login,200,OK,Thread Group 1-17,text,true,,1720,183,17,17,https://example.com/login,250,0,49
1789034416135,575,Search Products,200,OK,Thread Group 1-17,text,true,,2691,140,17,17,https://example.com/search-products,402,0,36
1789034416270,437,View Product,200,OK,Thread Group 1-17,text,true,,736,223,17,17,https://example.com/view-product,306,0,34
1789034416405,1188,Add to Cart,200,OK,Thread Group 1-17,text,true,,1114,185,17,17,https://example.com/add-to-cart,832,0,13
1789034416540,1453,Checkout,200,OK,Thread Group 1-17,text,true,,1300,194,17,17,https://example.com/checkout,1017,0,27
1789034416675,273,Logout,200,OK,Thread Group 1-17,text,true,,1600,181,17,17,https://example.com/logout,191,0,19
1789034417000,492,Login,200,OK,Thread Group 1-18,text,true,,1877,214,18,18,https://example.com/login,344,0,29
1789034417135,778,Search Products,200,OK,Thread Group 1-18,text,true,,871,125,18,18,https://example.com/search-products,545,0,31
1789034417270,457,View Product,200,OK,Thread Group 1-18,text,true,,1641,113,18,18,https://example.com/view-product,320,0,43
1789034417405,564,Add to Cart,200,OK,Thread Group 1-18,text,true,,2389,114,18,18,https://example.com/add-to-cart,395,0,48
1789034417540,1086,Checkout,200,OK,Thread Group 1-18,text,true,,788,180,18,18,https://example.com/checkout,760,0,41
1789034417675,230,Logout,200,OK,Thread Group 1-18,text,true,,1366,127,18,18,https://example.com/logout,161,0,46
1789034418000,557,Login,200,OK,Thread Group 1-19,text,true,,2895,141,19,19,https://example.com/login,390,0,33
1789034418135,578,Search Products,200,OK,Thread Group 1-19,text,true,,2843,219,19,19,https://example.com/search-products,405,0,16
1789034418270,671,View Product,200,OK,Thread Group 1-19,text,true,,1144,172,19,19,https://example.com/view-product,470,0,38
1789034418405,673,Add to Cart,200,OK,Thread Group 1-19,text,true,,1451,164,19,19,https://example.com/add-to-cart,471,0,49
1789034418540,886,Checkout,200,OK,Thread Group 1-19,text,true,,2869,105,19,19,https://example.com/checkout,620,0,15
1789034418675,117,Logout,200,OK,Thread Group 1-19,text,true,,2559,227,19,19,https://example.com/logout,82,0,32
1789034419000,411,Login,200,OK,Thread Group 1-20,text,true,,1592,222,20,20,https://example.com/login,288,0,11
1789034419135,584,Search Products,200,OK,Thread Group 1-20,text,true,,1739,162,20,20,https://example.com/search-products,409,0,48
1789034419270,538,View Product,200,OK,Thread Group 1-20,text,true,,1111,135,20,20,https://example.com/view-product,377,0,43
1789034419405,784,Add to Cart,200,OK,Thread Group 1-20,text,true,,1152,214,20,20,https://example.com/add-to-cart,549,0,49
1789034419540,1142,Checkout,200,OK,Thread Group 1-20,text,true,,1073,128,20,20,https://example.com/checkout,799,0,41
1789034419675,196,Logout,200,OK,Thread Group 1-20,text,true,,1385,118,20,20,https://example.com/logout,137,0,22
1789034420000,1034,Login,200,OK,Thread Group 1-1,text,true,,2674,228,20,20,https://example.com/login,724,0,45
1789034420135,618,Search Products,200,OK,Thread Group 1-1,text,true,,1033,227,20,20,https://example.com/search-products,433,0,45
1789034420270,420,View Product,200,OK,Thread Group 1-1,text,true,,2986,212,20,20,https://example.com/view-product,294,0,17
1789034420405,561,Add to Cart,200,OK,Thread Group 1-1,text,true,,1720,225,20,20,https://example.com/add-to-cart,393,0,24
1789034420540,1199,Checkout,200,OK,Thread Group 1-1,text,true,,1315,124,20,20,https://example.com/checkout,839,0,45
1789034420675,108,Logout,200,OK,Thread Group 1-1,text,true,,1206,128,20,20,https://example.com/logout,76,0,16
1789034421000,744,Login,200,OK,Thread Group 1-2,text,true,,2870,177,20,20,https://example.com/login,521,0,10
1789034421135,479,Search Products,200,OK,Thread Group 1-2,text,true,,1160,134,20,20,https://example.com/search-products,335,0,44
1789034421270,468,View Product,200,OK,Thread Group 1-2,text,true,,1398,222,20,20,https://example.com/view-product,328,0,29
1789034421405,621,Add to Cart,200,OK,Thread Group 1-2,text,true,,2461,190,20,20,https://example.com/add-to-cart,435,0,41
1789034421540,1117,Checkout,200,OK,Thread Group 1-2,text,true,,1408,232,20,20,https://example.com/checkout,782,0,16
1789034421675,324,Logout,200,OK,Thread Group 1-2,text,true,,2311,149,20,20,https://example.com/logout,227,0,38
1789034422000,338,Login,200,OK,Thread Group 1-3,text,true,,2320,102,20,20,https://example.com/login,237,0,49
1789034422135,516,Search Products,200,OK,Thread Group 1-3,text,true,,2939,148,20,20,https://example.com/search-products,361,0,13
1789034422270,336,View Product,200,OK,Thread Group 1-3,text,true,,873,101,20,20,https://example.com/view-product,235,0,42
1789034422405,854,Add to Cart,200,OK,Thread Group 1-3,text,true,,2718,80,20,20,https://example.com/add-to-cart,598,0,21
1789034422540,742,Checkout,200,OK,Thread Group 1-3,text,true,,1590,158,20,20,https://example.com/checkout,519,0,33
1789034422675,331,Logout,200,OK,Thread Group 1-3,text,true,,2089,195,20,20,https://example.com/logout,232,0,18
1789034423000,458,Login,200,OK,Thread Group 1-4,text,true,,1570,87,20,20,https://example.com/login,321,0,44
1789034423135,415,Search Products,200,OK,Thread Group 1-4,text,true,,1117,221,20,20,https://example.com/search-products,290,0,43
1789034423270,845,View Product,200,OK,Thread Group 1-4,text,true,,2362,116,20,20,https://example.com/view-product,592,0,14
1789034423405,899,Add to Cart,200,OK,Thread Group 1-4,text,true,,1819,234,20,20,https://example.com/add-to-cart,629,0,36
1789034423540,1357,Checkout,200,OK,Thread Group 1-4,text,true,,2411,197,20,20,https://example.com/checkout,950,0,38
1789034423675,201,Logout,200,OK,Thread Group 1-4,text,true,,2218,169,20,20,https://example.com/logout,141,0,29
1789034424000,909,Login,200,OK,Thread Group 1-5,text,true,,1583,234,20,20,https://example.com/login,636,0,11
1789034424135,768,Search Products,200,OK,Thread Group 1-5,text,true,,985,111,20,20,https://example.com/search-products,538,0,48
1789034424270,375,View Product,200,OK,Thread Group 1-5,text,true,,801,177,20,20,https://example.com/view-product,262,0,27
1789034424405,448,Add to Cart,200,OK,Thread Group 1-5,text,true,,1508,113,20,20,https://example.com/add-to-cart,314,0,19
1789034424540,1183,Checkout,200,OK,Thread Group 1-5,text,true,,1445,112,20,20,https://example.com/checkout,828,0,28
1789034424675,297,Logout,200,OK,Thread Group 1-5,text,true,,2507,231,20,20,https://example.com/logout,208,0,22
1789034425000,554,Login,200,OK,Thread Group 1-6,text,true,,921,204,20,20,https://example.com/login,388,0,20
1789034425135,787,Search Products,200,OK,Thread Group 1-6,text,true,,2256,97,20,20,https://example.com/search-products,551,0,24
1789034425270,378,View Product,200,OK,Thread Group 1-6,text,true,,2278,240,20,20,https://example.com/view-product,265,0,19
1789034425405,1024,Add to Cart,200,OK,Thread Group 1-6,text,true,,982,106,20,20,https://example.com/add-to-cart,717,0,35
1789034425540,777,Checkout,200,OK,Thread Group 1-6,text,true,,1392,171,20,20,https://example.com/checkout,544,0,43
1789034425675,124,Logout,200,OK,Thread Group 1-6,text,true,,2882,152,20,20,https://example.com/logout,87,0,49
1789034426000,415,Login,200,OK,Thread Group 1-7,text,true,,2854,135,20,20,https://example.com/login,290,0,15
1789034426135,936,Search Products,200,OK,Thread Group 1-7,text,true,,2419,121,20,20,https://example.com/search-products,655,0,16
1789034426270,671,View Product,200,OK,Thread Group 1-7,text,true,,1756,237,20,20,https://example.com/view-product,470,0,11
1789034426405,805,Add to Cart,200,OK,Thread Group 1-7,text,true,,1914,185,20,20,https://example.com/add-to-cart,564,0,38
1789034426540,1009,Checkout,200,OK,Thread Group 1-7,text,true,,1280,90,20,20,https://example.com/checkout,706,0,35
1789034426675,178,Logout,200,OK,Thread Group 1-7,text,true,,2785,128,20,20,https://example.com/logout,125,0,33
1789034427000,474,Login,200,OK,Thread Group 1-8,text,true,,1380,97,20,20,https://example.com/login,332,0,38
1789034427135,671,Search Products,200,OK,Thread Group 1-8,text,true,,738,100,20,20,https://example.com/search-products,470,0,14
1789034427270,397,View Product,200,OK,Thread Group 1-8,text,true,,1006,218,20,20,https://example.com/view-product,278,0,29
1789034427405,697,Add to Cart,200,OK,Thread Group 1-8,text,true,,1476,117,20,20,https://example.com/add-to-cart,488,0,30
1789034427540,897,Checkout,200,OK,Thread Group 1-8,text,true,,2439,175,20,20,https://example.com/checkout,628,0,13
1789034427675,182,Logout,200,OK,Thread Group 1-8,text,true,,766,205,20,20,https://example.com/logout,127,0,20
1789034428000,234,Login,200,OK,Thread Group 1-9,text,true,,1607,237,20,20,https://example.com/login,164,0,24
1789034428135,1226,Search Products,200,OK,Thread Group 1-9,text,true,,2686,95,20,20,https://example.com/search-products,858,0,22
1789034428270,376,View Product,200,OK,Thread Group 1-9,text,true,,2807,95,20,20,https://example.com/view-product,263,0,19
1789034428405,1067,Add to Cart,200,OK,Thread Group 1-9,text,true,,1959,178,20,20,https://example.com/add-to-cart,747,0,34
1789034428540,1251,Checkout,200,OK,Thread Group 1-9,text,true,,1261,165,20,20,https://example.com/checkout,876,0,41
1789034428675,214,Logout,200,OK,Thread Group 1-9,text,true,,2523,232,20,20,https://example.com/logout,150,0,49
1789034429000,281,Login,200,OK,Thread Group 1-10,text,true,,2949,173,20,20,https://example.com/login,197,0,43
1789034429135,601,Search Products,200,OK,Thread Group 1-10,text,true,,909,232,20,20,https://example.com/search-products,421,0,37
1789034429270,384,View Product,200,OK,Thread Group 1-10,text,true,,1395,209,20,20,https://example.com/view-product,269,0,26
1789034429405,525,Add to Cart,200,OK,Thread Group 1-10,text,true,,2834,203,20,20,https://example.com/add-to-cart,368,0,16
1789034429540,912,Checkout,200,OK,Thread Group 1-10,text,true,,763,154,20,20,https://example.com/checkout,638,0,29
1789034429675,213,Logout,200,OK,Thread Group 1-10,text,true,,2500,134,20,20,https://example.com/logout,149,0,49
1789034430000,354,Login,200,OK,Thread Group 1-11,text,true,,2917,210,20,20,https://example.com/login,248,0,46
1789034430135,844,Search Products,200,OK,Thread Group 1-11,text,true,,2062,85,20,20,https://example.com/search-products,591,0,31
1789034430270,607,View Product,200,OK,Thread Group 1-11,text,true,,2675,107,20,20,https://example.com/view-product,425,0,35
1789034430405,686,Add to Cart,200,OK,Thread Group 1-11,text,true,,713,196,20,20,https://example.com/add-to-cart,480,0,42
1789034430540,1271,Checkout,200,OK,Thread Group 1-11,text,true,,1433,119,20,20,https://example.com/checkout,890,0,41
1789034430675,347,Logout,200,OK,Thread Group 1-11,text,true,,2680,211,20,20,https://example.com/logout,243,0,29
1789034431000,316,Login,200,OK,Thread Group 1-12,text,true,,1202,175,20,20,https://example.com/login,221,0,24
1789034431135,622,Search Products,200,OK,Thread Group 1-12,text,true,,1376,172,20,20,https://example.com/search-products,435,0,34
1789034431270,306,View Product,200,OK,Thread Group 1-12,text,true,,1177,197,20,20,https://example.com/view-product,214,0,35
1789034431405,946,Add to Cart,200,OK,Thread Group 1-12,text,true,,940,188,20,20,https://example.com/add-to-cart,662,0,43
1789034431540,986,Checkout,200,OK,Thread Group 1-12,text,true,,2398,217,20,20,https://example.com/checkout,690,0,34
1789034431675,145,Logout,200,OK,Thread Group 1-12,text,true,,1492,82,20,20,https://example.com/logout,102,0,45
1789034432000,379,Login,200,OK,Thread Group 1-13,text,true,,2269,130,20,20,https://example.com/login,265,0,20
1789034432135,493,Search Products,200,OK,Thread Group 1-13,text,true,,1238,104,20,20,https://example.com/search-products,345,0,48
1789034432270,541,View Product,200,OK,Thread Group 1-13,text,true,,2279,212,20,20,https://example.com/view-product,379,0,24
1789034432405,575,Add to Cart,200,OK,Thread Group 1-13,text,true,,2467,167,20,20,https://example.com/add-to-cart,402,0,39
1789034432540,850,Checkout,200,OK,Thread Group 1-13,text,true,,2949,82,20,20,https://example.com/checkout,595,0,26
1789034432675,258,Logout,200,OK,Thread Group 1-13,text,true,,1597,138,20,20,https://example.com/logout,181,0,41
1789034433000,301,Login,200,OK,Thread Group 1-14,text,true,,2606,220,20,20,https://example.com/login,211,0,35
1789034433135,917,Search Products,200,OK,Thread Group 1-14,text,true,,2196,195,20,20,https://example.com/search-products,642,0,30
1789034433270,578,View Product,200,OK,Thread Group 1-14,text,true,,2641,106,20,20,https://example.com/view-product,405,0,10
1789034433405,803,Add to Cart,200,OK,Thread Group 1-14,text,true,,2033,197,20,20,https://example.com/add-to-cart,562,0,48
1789034433540,957,Checkout,200,OK,Thread Group 1-14,text,true,,2710,189,20,20,https://example.com/checkout,670,0,42
1789034433675,284,Logout,200,OK,Thread Group 1-14,text,true,,1099,80,20,20,https://example.com/logout,199,0,26
1789034434000,687,Login,200,OK,Thread Group 1-15,text,true,,718,196,20,20,https://example.com/login,481,0,50
1789034434135,753,Search Products,200,OK,Thread Group 1-15,text,true,,2734,185,20,20,https://example.com/search-products,527,0,15
1789034434270,861,View Product,200,OK,Thread Group 1-15,text,true,,1973,194,20,20,https://example.com/view-product,603,0,49
1789034434405,1362,Add to Cart,200,OK,Thread Group 1-15,text,true,,2656,199,20,20,https://example.com/add-to-cart,953,0,47
1789034434540,1518,Checkout,200,OK,Thread Group 1-15,text,true,,2789,193,20,20,https://example.com/checkout,1063,0,12
1789034434675,176,Logout,200,OK,Thread Group 1-15,text,true,,765,124,20,20,https://example.com/logout,123,0,29
1789034435000,343,Login,200,OK,Thread Group 1-16,text,true,,1434,209,20,20,https://example.com/login,240,0,12
1789034435135,669,Search Products,200,OK,Thread Group 1-16,text,true,,1923,199,20,20,https://example.com/search-products,468,0,47
1789034435270,474,View Product,200,OK,Thread Group 1-16,text,true,,2267,147,20,20,https://example.com/view-product,332,0,47
1789034435405,458,Add to Cart,200,OK,Thread Group 1-16,text,true,,1538,90,20,20,https://example.com/add-to-cart,321,0,30
1789034435540,948,Checkout,200,OK,Thread Group 1-16,text,true,,1772,109,20,20,https://example.com/checkout,664,0,27
1789034435675,254,Logout,200,OK,Thread Group 1-16,text,true,,2275,177,20,20,https://example.com/logout,178,0,12
1789034436000,577,Login,200,OK,Thread Group 1-17,text,true,,1797,156,20,20,https://example.com/login,404,0,30
1789034436135,877,Search Products,200,OK,Thread Group 1-17,text,true,,770,148,20,20,https://example.com/search-products,614,0,18
1789034436270,701,View Product,200,OK,Thread Group 1-17,text,true,,1735,202,20,20,https://example.com/view-product,491,0,16
1789034436405,806,Add to Cart,200,OK,Thread Group 1-17,text,true,,725,123,20,20,https://example.com/add-to-cart,564,0,46
1789034436540,1306,Checkout,200,OK,Thread Group 1-17,text,true,,2118,101,20,20,https://example.com/checkout,914,0,14
1789034436675,291,Logout,200,OK,Thread Group 1-17,text,true,,1674,197,20,20,https://example.com/logout,204,0,36
1789034437000,280,Login,200,OK,Thread Group 1-18,text,true,,1427,208,20,20,https://example.com/login,196,0,17
1789034437135,368,Search Products,200,OK,Thread Group 1-18,text,true,,837,153,20,20,https://example.com/search-products,258,0,10
1789034437270,426,View Product,200,OK,Thread Group 1-18,text,true,,2464,186,20,20,https://example.com/view-product,298,0,27
1789034437405,597,Add to Cart,200,OK,Thread Group 1-18,text,true,,2267,107,20,20,https://example.com/add-to-cart,418,0,14
1789034437540,994,Checkout,200,OK,Thread Group 1-18,text,true,,1983,162,20,20,https://example.com/checkout,696,0,26
1789034437675,151,Logout,200,OK,Thread Group 1-18,text,true,,2655,102,20,20,https://example.com/logout,106,0,39
1789034438000,283,Login,200,OK,Thread Group 1-19,text,true,,2395,128,20,20,https://example.com/login,198,0,35
1789034438135,769,Search Products,200,OK,Thread Group 1-19,text,true,,2999,90,20,20,https://example.com/search-products,538,0,45
1789034438270,600,View Product,200,OK,Thread Group 1-19,text,true,,2827,115,20,20,https://example.com/view-product,420,0,21
1789034438405,552,Add to Cart,200,OK,Thread Group 1-19,text,true,,1779,219,20,20,https://example.com/add-to-cart,386,0,14
1789034438540,2001,Checkout,200,OK,Thread Group 1-19,text,true,,1296,119,20,20,https://example.com/checkout,1401,0,16
1789034438675,245,Logout,200,OK,Thread Group 1-19,text,true,,1079,182,20,20,https://example.com/logout,172,0,11
1789034439000,288,Login,200,OK,Thread Group 1-20,text,true,,753,154,20,20,https://example.com/login,202,0,13
1789034439135,424,Search Products,200,OK,Thread Group 1-20,text,true,,1402,158,20,20,https://example.com/search-products,297,0,36
1789034439270,767,View Product,200,OK,Thread Group 1-20,text,true,,2226,157,20,20,https://example.com/view-product,537,0,41
1789034439405,983,Add to Cart,200,OK,Thread Group 1-20,text,true,,2724,177,20,20,https://example.com/add-to-cart,688,0,19
1789034439540,1185,Checkout,200,OK,Thread Group 1-20,text,true,,2240,235,20,20,https://example.com/checkout,830,0,18
1789034439675,164,Logout,200,OK,Thread Group 1-20,text,true,,1070,181,20,20,https://example.com/logout,115,0,49
1789034440000,416,Login,200,OK,Thread Group 1-1,text,true,,1340,205,20,20,https://example.com/login,291,0,47
1789034440135,926,Search Products,200,OK,Thread Group 1-1,text,true,,2681,228,20,20,https://example.com/search-products,648,0,29
1789034440270,537,View Product,200,OK,Thread Group 1-1,text,true,,1140,239,20,20,https://example.com/view-product,376,0,50
1789034440405,631,Add to Cart,200,OK,Thread Group 1-1,text,true,,1999,151,20,20,https://example.com/add-to-cart,442,0,24
1789034440540,846,Checkout,200,OK,Thread Group 1-1,text,true,,1488,117,20,20,https://example.com/checkout,592,0,45
1789034440675,214,Logout,200,OK,Thread Group 1-1,text,true,,1459,223,20,20,https://example.com/logout,150,0,15
1789034441000,300,Login,200,OK,Thread Group 1-2,text,true,,767,220,20,20,https://example.com/login,210,0,31
1789034441135,591,Search Products,200,OK,Thread Group 1-2,text,true,,2645,122,20,20,https://example.com/search-products,414,0,36
1789034441270,441,View Product,200,OK,Thread Group 1-2,text,true,,1873,234,20,20,https://example.com/view-product,309,0,20
1789034441405,543,Add to Cart,200,OK,Thread Group 1-2,text,true,,1250,211,20,20,https://example.com/add-to-cart,380,0,35
1789034441540,660,Checkout,200,OK,Thread Group 1-2,text,true,,2370,87,20,20,https://example.com/checkout,462,0,26
1789034441675,167,Logout,200,OK,Thread Group 1-2,text,true,,1393,221,20,20,https://example.com/logout,117,0,31
1789034442000,525,Login,200,OK,Thread Group 1-3,text,true,,2307,203,20,20,https://example.com/login,368,0,47
1789034442135,886,Search Products,200,OK,Thread Group 1-3,text,true,,2046,149,20,20,https://example.com/search-products,620,0,15
1789034442270,398,View Product,200,OK,Thread Group 1-3,text,true,,1437,98,20,20,https://example.com/view-product,279,0,39
1789034442405,803,Add to Cart,200,OK,Thread Group 1-3,text,true,,2497,188,20,20,https://example.com/add-to-cart,562,0,42
1789034442540,851,Checkout,200,OK,Thread Group 1-3,text,true,,1051,224,20,20,https://example.com/checkout,596,0,12
1789034442675,238,Logout,200,OK,Thread Group 1-3,text,true,,1848,116,20,20,https://example.com/logout,167,0,39
1789034443000,500,Login,200,OK,Thread Group 1-4,text,true,,2274,90,20,20,https://example.com/login,350,0,38
1789034443135,531,Search Products,200,OK,Thread Group 1-4,text,true,,1524,194,20,20,https://example.com/search-products,372,0,29
1789034443270,392,View Product,200,OK,Thread Group 1-4,text,true,,1419,85,20,20,https://example.com/view-product,274,0,15
1789034443405,968,Add to Cart,200,OK,Thread Group 1-4,text,true,,2347,157,20,20,https://example.com/add-to-cart,678,0,18
1789034443540,1250,Checkout,200,OK,Thread Group 1-4,text,true,,1354,148,20,20,https://example.com/checkout,875,0,37
1789034443675,105,Logout,200,OK,Thread Group 1-4,text,true,,1677,203,20,20,https://example.com/logout,74,0,43
1789034444000,685,Login,200,OK,Thread Group 1-5,text,true,,2534,229,20,20,https://example.com/login,479,0,46
1789034444135,880,Search Products,200,OK,Thread Group 1-5,text,true,,1719,235,20,20,https://example.com/search-products,616,0,38
1789034444270,677,View Product,200,OK,Thread Group 1-5,text,true,,1507,103,20,20,https://example.com/view-product,474,0,33
1789034444405,768,Add to Cart,200,OK,Thread Group 1-5,text,true,,2422,211,20,20,https://example.com/add-to-cart,538,0,19
1789034444540,710,Checkout,200,OK,Thread Group 1-5,text,true,,2005,154,20,20,https://example.com/checkout,497,0,24
1789034444675,131,Logout,200,OK,Thread Group 1-5,text,true,,2285,207,20,20,https://example.com/logout,92,0,41
1789034445000,411,Login,200,OK,Thread Group 1-6,text,true,,831,114,20,20,https://example.com/login,288,0,13
1789034445135,813,Search Products,200,OK,Thread Group 1-6,text,true,,1830,219,20,20,https://example.com/search-products,569,0,20
1789034445270,534,View Product,200,OK,Thread Group 1-6,text,true,,966,206,20,20,https://example.com/view-product,374,0,24
1789034445405,688,Add to Cart,200,OK,Thread Group 1-6,text,true,,1513,130,20,20,https://example.com/add-to-cart,482,0,40
1789034445540,749,Checkout,200,OK,Thread Group 1-6,text,true,,1416,161,20,20,https://example.com/checkout,524,0,18
1789034445675,149,Logout,200,OK,Thread Group 1-6,text,true,,958,134,20,20,https://example.com/logout,104,0,24
1789034446000,399,Login,200,OK,Thread Group 1-7,text,true,,2930,84,20,20,https://example.com/login,279,0,20
1789034446135,540,Search Products,200,OK,Thread Group 1-7,text,true,,1805,168,20,20,https://example.com/search-products,378,0,46
1789034446270,452,View Product,200,OK,Thread Group 1-7,text,true,,2210,132,20,20,https://example.com/view-product,316,0,33
1789034446405,802,Add to Cart,200,OK,Thread Group 1-7,text,true,,2046,149,20,20,https://example.com/add-to-cart,561,0,48
1789034446540,702,Checkout,200,OK,Thread Group 1-7,text,true,,904,232,20,20,https://example.com/checkout,491,0,26
1789034446675,191,Logout,200,OK,Thread Group 1-7,text,true,,1122,159,20,20,https://example.com/logout,134,0,27
1789034447000,487,Login,200,OK,Thread Group 1-8,text,true,,2201,170,20,20,https://example.com/login,341,0,44
1789034447135,817,Search Products,200,OK,Thread Group 1-8,text,true,,2974,207,20,20,https://example.com/search-products,572,0,29
1789034447270,593,View Product,200,OK,Thread Group 1-8,text,true,,965,214,20,20,https://example.com/view-product,415,0,42
1789034447405,1195,Add to Cart,200,OK,Thread Group 1-8,text,true,,2481,145,20,20,https://example.com/add-to-cart,836,0,41
1789034447540,1031,Checkout,200,OK,Thread Group 1-8,text,true,,2228,129,20,20,https://example.com/checkout,722,0,19
1789034447675,233,Logout,200,OK,Thread Group 1-8,text,true,,978,236,20,20,https://example.com/logout,163,0,35
1789034448000,406,Login,200,OK,Thread Group 1-9,text,true,,2076,171,20,20,https://example.com/login,284,0,16
1789034448135,704,Search Products,200,OK,Thread Group 1-9,text,true,,1813,186,20,20,https://example.com/search-products,493,0,24
1789034448270,591,View Product,200,OK,Thread Group 1-9,text,true,,2991,128,20,20,https://example.com/view-product,414,0,38
1789034448405,799,Add to Cart,200,OK,Thread Group 1-9,text,true,,2514,191,20,20,https://example.com/add-to-cart,559,0,37
1789034448540,925,Checkout,200,OK,Thread Group 1-9,text,true,,2429,88,20,20,https://example.com/checkout,648,0,15
1789034448675,250,Logout,200,OK,Thread Group 1-9,text,true,,2392,165,20,20,https://example.com/logout,175,0,28
1789034449000,306,Login,200,OK,Thread Group 1-10,text,true,,1356,126,20,20,https://example.com/login,214,0,31
1789034449135,716,Search Products,200,OK,Thread Group 1-10,text,true,,2571,151,20,20,https://example.com/search-products,501,0,20
1789034449270,381,View Product,200,OK,Thread Group 1-10,text,true,,2686,109,20,20,https://example.com/view-product,267,0,21
1789034449405,839,Add to Cart,200,OK,Thread Group 1-10,text,true,,2236,234,20,20,https://example.com/add-to-cart,587,0,27
1789034449540,834,Checkout,200,OK,Thread Group 1-10,text,true,,2344,117,20,20,https://example.com/checkout,584,0,24
1789034449675,289,Logout,200,OK,Thread Group 1-10,text,true,,2256,200,20,20,https://example.com/logout,202,0,15
1789034450000,384,Login,200,OK,Thread Group 1-11,text,true,,2508,197,20,20,https://example.com/login,269,0,18
1789034450135,603,Search Products,200,OK,Thread Group 1-11,text,true,,2411,123,20,20,https://example.com/search-products,422,0,42
1789034450270,380,View Product,200,OK,Thread Group 1-11,text,true,,2672,120,20,20,https://example.com/view-product,266,0,28
1789034450405,442,Add to Cart,200,OK,Thread Group 1-11,text,true,,1658,218,20,20,https://example.com/add-to-cart,309,0,50
1789034450540,1802,Checkout,200,OK,Thread Group 1-11,text,true,,2084,168,20,20,https://example.com/checkout,1261,0,33
1789034450675,354,Logout,200,OK,Thread Group 1-11,text,true,,715,156,20,20,https://example.com/logout,248,0,35
1789034451000,316,Login,200,OK,Thread Group 1-12,text,true,,1471,121,20,20,https://example.com/login,221,0,47
1789034451135,703,Search Products,200,OK,Thread Group 1-12,text,true,,1765,91,20,20,https://example.com/search-products,492,0,33
1789034451270,397,View Product,200,OK,Thread Group 1-12,text,true,,1461,83,20,20,https://example.com/view-product,278,0,15
1789034451405,748,Add to Cart,200,OK,Thread Group 1-12,text,true,,1076,162,20,20,https://example.com/add-to-cart,524,0,15
1789034451540,576,Checkout,200,OK,Thread Group 1-12,text,true,,2355,179,20,20,https://example.com/checkout,403,0,46
1789034451675,237,Logout,200,OK,Thread Group 1-12,text,true,,2165,108,20,20,https://example.com/logout,166,0,11
1789034452000,284,Login,200,OK,Thread Group 1-13,text,true,,1303,166,20,20,https://example.com/login,199,0,43
1789034452135,343,Search Products,200,OK,Thread Group 1-13,text,true,,2526,177,20,20,https://example.com/search-products,240,0,20
1789034452270,509,View Product,200,OK,Thread Group 1-13,text,true,,2912,207,20,20,https://example.com/view-product,356,0,47
1789034452405,650,Add to Cart,200,OK,Thread Group 1-13,text,true,,1542,112,20,20,https://example.com/add-to-cart,455,0,30
1789034452540,726,Checkout,200,OK,Thread Group 1-13,text,true,,1635,141,20,20,https://example.com/checkout,508,0,18
1789034452675,263,Logout,200,OK,Thread Group 1-13,text,true,,1127,130,20,20,https://example.com/logout,184,0,31
1789034453000,350,Login,200,OK,Thread Group 1-14,text,true,,1338,171,20,20,https://example.com/login,245,0,14
1789034453135,748,Search Products,200,OK,Thread Group 1-14,text,true,,1266,111,20,20,https://example.com/search-products,524,0,41
1789034453270,586,View Product,200,OK,Thread Group 1-14,text,true,,1461,181,20,20,https://example.com/view-product,410,0,28
1789034453405,401,Add to Cart,200,OK,Thread Group 1-14,text,true,,2464,234,20,20,https://example.com/add-to-cart,281,0,35
1789034453540,1358,Checkout,200,OK,Thread Group 1-14,text,true,,973,219,20,20,https://example.com/checkout,951,0,43
1789034453675,212,Logout,200,OK,Thread Group 1-14,text,true,,2354,186,20,20,https://example.com/logout,148,0,50
1789034454000,312,Login,200,OK,Thread Group 1-15,text,true,,1182,202,20,20,https://example.com/login,218,0,16
1789034454135,416,Search Products,200,OK,Thread Group 1-15,text,true,,2448,113,20,20,https://example.com/search-products,291,0,45
1789034454270,422,View Product,200,OK,Thread Group 1-15,text,true,,2259,144,20,20,https://example.com/view-product,295,0,23
1789034454405,769,Add to Cart,200,OK,Thread Group 1-15,text,true,,2002,203,20,20,https://example.com/add-to-cart,538,0,42
1789034454540,806,Checkout,200,OK,Thread Group 1-15,text,true,,1841,148,20,20,https://example.com/checkout,564,0,42
1789034454675,249,Logout,200,OK,Thread Group 1-15,text,true,,2066,239,20,20,https://example.com/logout,174,0,45
1789034455000,531,Login,200,OK,Thread Group 1-16,text,true,,1928,156,20,20,https://example.com/login,372,0,34
1789034455135,566,Search Products,200,OK,Thread Group 1-16,text,true,,1540,98,20,20,https://example.com/search-products,396,0,39
1789034455270,548,View Product,200,OK,Thread Group 1-16,text,true,,1470,129,20,20,https://example.com/view-product,384,0,15
1789034455405,2135,Add to Cart,200,OK,Thread Group 1-16,text,true,,2405,236,20,20,https://example.com/add-to-cart,1494,0,26
1789034455540,1824,Checkout,200,OK,Thread Group 1-16,text,true,,1131,154,20,20,https://example.com/checkout,1277,0,20
1789034455675,184,Logout,200,OK,Thread Group 1-16,text,true,,1680,195,20,20,https://example.com/logout,129,0,12
1789034456000,322,Login,200,OK,Thread Group 1-17,text,true,,2409,112,20,20,https://example.com/login,225,0,18
1789034456135,1216,Search Products,200,OK,Thread Group 1-17,text,true,,1244,218,20,20,https://example.com/search-products,851,0,28
1789034456270,273,View Product,200,OK,Thread Group 1-17,text,true,,2244,107,20,20,https://example.com/view-product,191,0,48
1789034456405,574,Add to Cart,200,OK,Thread Group 1-17,text,true,,2573,221,20,20,https://example.com/add-to-cart,402,0,30
1789034456540,1100,Checkout,200,OK,Thread Group 1-17,text,true,,1750,114,20,20,https://example.com/checkout,770,0,31
1789034456675,201,Logout,200,OK,Thread Group 1-17,text,true,,1379,174,20,20,https://example.com/logout,141,0,26
1789034457000,364,Login,200,OK,Thread Group 1-18,text,true,,2280,232,20,20,https://example.com/login,255,0,33
1789034457135,760,Search Products,200,OK,Thread Group 1-18,text,true,,757,100,20,20,https://example.com/search-products,532,0,21
1789034457270,550,View Product,200,OK,Thread Group 1-18,text,true,,2113,190,20,20,https://example.com/view-product,385,0,45
1789034457405,868,Add to Cart,200,OK,Thread Group 1-18,text,true,,1879,135,20,20,https://example.com/add-to-cart,608,0,37
1789034457540,711,Checkout,200,OK,Thread Group 1-18,text,true,,1548,143,20,20,https://example.com/checkout,498,0,26
1789034457675,216,Logout,200,OK,Thread Group 1-18,text,true,,2538,202,20,20,https://example.com/logout,151,0,24
1789034458000,294,Login,200,OK,Thread Group 1-19,text,true,,1881,151,20,20,https://example.com/login,206,0,43
1789034458135,455,Search Products,200,OK,Thread Group 1-19,text,true,,2923,154,20,20,https://example.com/search-products,318,0,24
1789034458270,449,View Product,200,OK,Thread Group 1-19,text,true,,1393,237,20,20,https://example.com/view-product,314,0,32
1789034458405,720,Add to Cart,200,OK,Thread Group 1-19,text,true,,849,89,20,20,https://example.com/add-to-cart,504,0,43
1789034458540,1322,Checkout,200,OK,Thread Group 1-19,text,true,,2094,101,20,20,https://example.com/checkout,925,0,28
1789034458675,282,Logout,200,OK,Thread Group 1-19,text,true,,2759,227,20,20,https://example.com/logout,197,0,49
1789034459000,308,Login,200,OK,Thread Group 1-20,text,true,,2427,215,20,20,https://example.com/login,216,0,28
1789034459135,521,Search Products,200,OK,Thread Group 1-20,text,true,,1401,218,20,20,https://example.com/search-products,365,0,29
1789034459270,297,View Product,200,OK,Thread Group 1-20,text,true,,897,162,20,20,https://example.com/view-product,208,0,27
1789034459405,552,Add to Cart,200,OK,Thread Group 1-20,text,true,,2755,102,20,20,https://example.com/add-to-cart,386,0,20
1789034459540,1081,Checkout,200,OK,Thread Group 1-20,text,true,,1262,91,20,20,https://example.com/checkout,757,0,20
1789034459675,187,Logout,200,OK,Thread Group 1-20,text,true,,1041,95,20,20,https://example.com/logout,131,0,27
1789034460000,421,Login,200,OK,Thread Group 1-1,text,true,,2919,129,20,20,https://example.com/login,295,0,48
1789034460135,1239,Search Products,200,OK,Thread Group 1-1,text,true,,2028,208,20,20,https://example.com/search-products,867,0,32
1789034460270,356,View Product,200,OK,Thread Group 1-1,text,true,,2138,236,20,20,https://example.com/view-product,249,0,34
1789034460405,1296,Add to Cart,200,OK,Thread Group 1-1,text,true,,1971,130,20,20,https://example.com/add-to-cart,907,0,30
1789034460540,2015,Checkout,200,OK,Thread Group 1-1,text,true,,2584,107,20,20,https://example.com/checkout,1410,0,10
1789034460675,301,Logout,200,OK,Thread Group 1-1,text,true,,1211,199,20,20,https://example.com/logout,211,0,44
1789034461000,644,Login,200,OK,Thread Group 1-2,text,true,,2761,122,20,20,https://example.com/login,451,0,39
1789034461135,393,Search Products,200,OK,Thread Group 1-2,text,true,,1146,136,20,20,https://example.com/search-products,275,0,35
1789034461270,1186,View Product,200,OK,Thread Group 1-2,text,true,,1658,147,20,20,https://example.com/view-product,830,0,46
1789034461405,534,Add to Cart,200,OK,Thread Group 1-2,text,true,,2625,129,20,20,https://example.com/add-to-cart,374,0,46
1789034461540,1119,Checkout,200,OK,Thread Group 1-2,text,true,,1480,184,20,20,https://example.com/checkout,783,0,20
1789034461675,250,Logout,200,OK,Thread Group 1-2,text,true,,986,194,20,20,https://example.com/logout,175,0,23
1789034462000,206,Login,200,OK,Thread Group 1-3,text,true,,2417,103,20,20,https://example.com/login,144,0,16
1789034462135,646,Search Products,200,OK,Thread Group 1-3,text,true,,1547,160,20,20,https://example.com/search-products,452,0,20
1789034462270,568,View Product,200,OK,Thread Group 1-3,text,true,,1026,119,20,20,https://example.com/view-product,398,0,36
1789034462405,692,Add to Cart,200,OK,Thread Group 1-3,text,true,,808,106,20,20,https://example.com/add-to-cart,484,0,13
1789034462540,649,Checkout,200,OK,Thread Group 1-3,text,true,,2877,96,20,20,https://example.com/checkout,454,0,30
1789034462675,172,Logout,200,OK,Thread Group 1-3,text,true,,1435,101,20,20,https://example.com/logout,120,0,23
1789034463000,382,Login,200,OK,Thread Group 1-4,text,true,,2764,152,20,20,https://example.com/login,267,0,27
1789034463135,379,Search Products,200,OK,Thread Group 1-4,text,true,,802,170,20,20,https://example.com/search-products,265,0,18
1789034463270,815,View Product,200,OK,Thread Group 1-4,text,true,,2644,130,20,20,https://example.com/view-product,570,0,49
1789034463405,727,Add to Cart,200,OK,Thread Group 1-4,text,true,,2665,194,20,20,https://example.com/add-to-cart,509,0,25
1789034463540,1651,Checkout,200,OK,Thread Group 1-4,text,true,,1635,208,20,20,https://example.com/checkout,1156,0,45
1789034463675,168,Logout,200,OK,Thread Group 1-4,text,true,,1064,94,20,20,https://example.com/logout,118,0,22
1789034464000,244,Login,200,OK,Thread Group 1-5,text,true,,1625,93,20,20,https://example.com/login,171,0,38
1789034464135,834,Search Products,200,OK,Thread Group 1-5,text,true,,1346,148,20,20,https://example.com/search-products,584,0,41
1789034464270,599,View Product,200,OK,Thread Group 1-5,text,true,,2107,123,20,20,https://example.com/view-product,419,0,36
1789034464405,781,Add to Cart,200,OK,Thread Group 1-5,text,true,,2521,216,20,20,https://example.com/add-to-cart,547,0,42
1789034464540,802,Checkout,200,OK,Thread Group 1-5,text,true,,1785,122,20,20,https://example.com/checkout,561,0,25
1789034464675,174,Logout,200,OK,Thread Group 1-5,text,true,,1903,102,20,20,https://example.com/logout,122,0,36
1789034465000,322,Login,200,OK,Thread Group 1-6,text,true,,2194,184,20,20,https://example.com/login,225,0,29
1789034465135,344,Search Products,200,OK,Thread Group 1-6,text,true,,1917,176,20,20,https://example.com/search-products,241,0,29
1789034465270,588,View Product,200,OK,Thread Group 1-6,text,true,,1291,229,20,20,https://example.com/view-product,412,0,43
1789034465405,726,Add to Cart,200,OK,Thread Group 1-6,text,true,,2035,234,20,20,https://example.com/add-to-cart,508,0,38
1789034465540,1308,Checkout,200,OK,Thread Group 1-6,text,true,,2489,91,20,20,https://example.com/checkout,916,0,12
1789034465675,353,Logout,200,OK,Thread Group 1-6,text,true,,1208,148,20,20,https://example.com/logout,247,0,17
1789034466000,373,Login,200,OK,Thread Group 1-7,text,true,,2926,190,20,20,https://example.com/login,261,0,41
1789034466135,399,Search Products,200,OK,Thread Group 1-7,text,true,,2556,102,20,20,https://example.com/search-products,279,0,48
1789034466270,528,View Product,200,OK,Thread Group 1-7,text,true,,943,158,20,20,https://example.com/view-product,370,0,15
1789034466405,1003,Add to Cart,200,OK,Thread Group 1-7,text,true,,1370,218,20,20,https://example.com/add-to-cart,702,0,17
1789034466540,1155,Checkout,200,OK,Thread Group 1-7,text,true,,2388,204,20,20,https://example.com/checkout,808,0,24
1789034466675,336,Logout,200,OK,Thread Group 1-7,text,true,,1411,232,20,20,https://example.com/logout,235,0,35
1789034467000,761,Login,200,OK,Thread Group 1-8,text,true,,2284,145,20,20,https://example.com/login,533,0,34
1789034467135,466,Search Products,200,OK,Thread Group 1-8,text,true,,1756,162,20,20,https://example.com/search-products,326,0,11
1789034467270,222,View Product,200,OK,Thread Group 1-8,text,true,,1054,186,20,20,https://example.com/view-product,155,0,28
1789034467405,549,Add to Cart,200,OK,Thread Group 1-8,text,true,,2973,187,20,20,https://example.com/add-to-cart,384,0,11
1789034467540,927,Checkout,200,OK,Thread Group 1-8,text,true,,2183,170,20,20,https://example.com/checkout,649,0,42
1789034467675,219,Logout,200,OK,Thread Group 1-8,text,true,,2774,134,20,20,https://example.com/logout,153,0,42
1789034468000,289,Login,200,OK,Thread Group 1-9,text,true,,2738,192,20,20,https://example.com/login,202,0,44
1789034468135,624,Search Products,200,OK,Thread Group 1-9,text,true,,791,127,20,20,https://example.com/search-products,437,0,20
1789034468270,425,View Product,200,OK,Thread Group 1-9,text,true,,2170,135,20,20,https://example.com/view-product,298,0,24
1789034468405,1036,Add to Cart,200,OK,Thread Group 1-9,text,true,,1017,88,20,20,https://example.com/add-to-cart,725,0,10
1789034468540,715,Checkout,200,OK,Thread Group 1-9,text,true,,2907,165,20,20,https://example.com/checkout,500,0,24
1789034468675,277,Logout,200,OK,Thread Group 1-9,text,true,,2340,142,20,20,https://example.com/logout,194,0,33
1789034469000,397,Login,200,OK,Thread Group 1-10,text,true,,794,176,20,20,https://example.com/login,278,0,33
1789034469135,539,Search Products,200,OK,Thread Group 1-10,text,true,,2631,228,20,20,https://example.com/search-products,377,0,37
1789034469270,545,View Product,200,OK,Thread Group 1-10,text,true,,2426,219,20,20,https://example.com/view-product,382,0,33
1789034469405,454,Add to Cart,200,OK,Thread Group 1-10,text,true,,1856,146,20,20,https://example.com/add-to-cart,318,0,38
1789034469540,661,Checkout,200,OK,Thread Group 1-10,text,true,,2235,131,20,20,https://example.com/checkout,463,0,30
1789034469675,357,Logout,200,OK,Thread Group 1-10,text,true,,1347,203,20,20,https://example.com/logout,250,0,32
1789034470000,307,Login,200,OK,Thread Group 1-11,text,true,,1209,120,20,20,https://example.com/login,215,0,43
1789034470135,548,Search Products,200,OK,Thread Group 1-11,text,true,,2492,134,20,20,https://example.com/search-products,384,0,21
1789034470270,387,View Product,200,OK,Thread Group 1-11,text,true,,893,203,20,20,https://example.com/view-product,271,0,35
1789034470405,962,Add to Cart,200,OK,Thread Group 1-11,text,true,,2733,143,20,20,https://example.com/add-to-cart,673,0,29
1789034470540,715,Checkout,200,OK,Thread Group 1-11,text,true,,1758,217,20,20,https://example.com/checkout,500,0,46
1789034470675,230,Logout,200,OK,Thread Group 1-11,text,true,,1073,97,20,20,https://example.com/logout,161,0,34
1789034471000,511,Login,200,OK,Thread Group 1-12,text,true,,1203,95,20,20,https://example.com/login,358,0,33
1789034471135,621,Search Products,200,OK,Thread Group 1-12,text,true,,2364,240,20,20,https://example.com/search-products,435,0,14
1789034471270,738,View Product,200,OK,Thread Group 1-12,text,true,,2730,180,20,20,https://example.com/view-product,517,0,43
1789034471405,757,Add to Cart,200,OK,Thread Group 1-12,text,true,,2351,238,20,20,https://example.com/add-to-cart,530,0,12
1789034471540,1033,Checkout,200,OK,Thread Group 1-12,text,true,,1630,203,20,20,https://example.com/checkout,723,0,50
1789034471675,250,Logout,200,OK,Thread Group 1-12,text,true,,2766,205,20,20,https://example.com/logout,175,0,49
1789034472000,554,Login,200,OK,Thread Group 1-13,text,true,,942,213,20,20,https://example.com/login,388,0,47
1789034472135,1381,Search Products,200,OK,Thread Group 1-13,text,true,,1096,170,20,20,https://example.com/search-products,967,0,26
1789034472270,248,View Product,200,OK,Thread Group 1-13,text,true,,2397,169,20,20,https://example.com/view-product,174,0,49
1789034472405,609,Add to Cart,200,OK,Thread Group 1-13,text,true,,1841,160,20,20,https://example.com/add-to-cart,426,0,15
1789034472540,876,Checkout,200,OK,Thread Group 1-13,text,true,,2166,114,20,20,https://example.com/checkout,613,0,20
1789034472675,152,Logout,200,OK,Thread Group 1-13,text,true,,2894,234,20,20,https://example.com/logout,106,0,21
1789034473000,924,Login,200,OK,Thread Group 1-14,text,true,,2022,178,20,20,https://example.com/login,647,0,15
1789034473135,454,Search Products,200,OK,Thread Group 1-14,text,true,,2674,112,20,20,https://example.com/search-products,318,0,21
1789034473270,936,View Product,200,OK,Thread Group 1-14,text,true,,2987,208,20,20,https://example.com/view-product,655,0,34
1789034473405,486,Add to Cart,200,OK,Thread Group 1-14,text,true,,1841,123,20,20,https://example.com/add-to-cart,340,0,38
1789034473540,859,Checkout,200,OK,Thread Group 1-14,text,true,,1726,139,20,20,https://example.com/checkout,601,0,50
1789034473675,122,Logout,200,OK,Thread Group 1-14,text,true,,2926,151,20,20,https://example.com/logout,85,0,13
1789034474000,528,Login,200,OK,Thread Group 1-15,text,true,,2493,208,20,20,https://example.com/login,370,0,36
1789034474135,525,Search Products,200,OK,Thread Group 1-15,text,true,,2481,185,20,20,https://example.com/search-products,368,0,38
1789034474270,697,View Product,200,OK,Thread Group 1-15,text,true,,2215,87,20,20,https://example.com/view-product,488,0,32
1789034474405,732,Add to Cart,200,OK,Thread Group 1-15,text,true,,2243,192,20,20,https://example.com/add-to-cart,512,0,30
1789034474540,1449,Checkout,200,OK,Thread Group 1-15,text,true,,1711,226,20,20,https://example.com/checkout,1014,0,44
1789034474675,369,Logout,200,OK,Thread Group 1-15,text,true,,1149,159,20,20,https://example.com/logout,258,0,25
1789034475000,225,Login,200,OK,Thread Group 1-16,text,true,,2075,156,20,20,https://example.com/login,158,0,29
1789034475135,700,Search Products,200,OK,Thread Group 1-16,text,true,,1834,203,20,20,https://example.com/search-products,490,0,44
1789034475270,765,View Product,200,OK,Thread Group 1-16,text,true,,2898,104,20,20,https://example.com/view-product,536,0,43
1789034475405,798,Add to Cart,200,OK,Thread Group 1-16,text,true,,1093,166,20,20,https://example.com/add-to-cart,559,0,12
1789034475540,482,Checkout,200,OK,Thread Group 1-16,text,true,,2720,204,20,20,https://example.com/checkout,337,0,18
1789034475675,356,Logout,200,OK,Thread Group 1-16,text,true,,2172,182,20,20,https://example.com/logout,249,0,47
1789034476000,257,Login,200,OK,Thread Group 1-17,text,true,,1296,211,20,20,https://example.com/login,180,0,26
1789034476135,736,Search Products,200,OK,Thread Group 1-17,text,true,,2431,139,20,20,https://example.com/search-products,515,0,10
1789034476270,458,View Product,200,OK,Thread Group 1-17,text,true,,1457,149,20,20,https://example.com/view-product,321,0,42
1789034476405,491,Add to Cart,200,OK,Thread Group 1-17,text,true,,1800,200,20,20,https://example.com/add-to-cart,344,0,49
1789034476540,728,Checkout,200,OK,Thread Group 1-17,text,true,,2320,238,20,20,https://example.com/checkout,510,0,19
1789034476675,186,Logout,200,OK,Thread Group 1-17,text,true,,1758,95,20,20,https://example.com/logout,130,0,37
1789034477000,352,Login,200,OK,Thread Group 1-18,text,true,,1543,99,20,20,https://example.com/login,246,0,46
1789034477135,543,Search Products,200,OK,Thread Group 1-18,text,true,,769,221,20,20,https://example.com/search-products,380,0,37
1789034477270,330,View Product,200,OK,Thread Group 1-18,text,true,,2054,188,20,20,https://example.com/view-product,231,0,15
1789034477405,391,Add to Cart,200,OK,Thread Group 1-18,text,true,,1511,234,20,20,https://example.com/add-to-cart,274,0,37
1789034477540,771,Checkout,200,OK,Thread Group 1-18,text,true,,1508,118,20,20,https://example.com/checkout,540,0,18
1789034477675,279,Logout,200,OK,Thread Group 1-18,text,true,,955,139,20,20,https://example.com/logout,195,0,43
1789034478000,374,Login,200,OK,Thread Group 1-19,text,true,,970,153,20,20,https://example.com/login,262,0,18
1789034478135,659,Search Products,200,OK,Thread Group 1-19,text,true,,2823,155,20,20,https://example.com/search-products,461,0,23
1789034478270,457,View Product,200,OK,Thread Group 1-19,text,true,,1813,143,20,20,https://example.com/view-product,320,0,15
1789034478405,645,Add to Cart,200,OK,Thread Group 1-19,text,true,,720,120,20,20,https://example.com/add-to-cart,451,0,19
1789034478540,650,Checkout,200,OK,Thread Group 1-19,text,true,,2852,232,20,20,https://example.com/checkout,455,0,42
1789034478675,269,Logout,200,OK,Thread Group 1-19,text,true,,1005,119,20,20,https://example.com/logout,188,0,11
1789034479000,390,Login,200,OK,Thread Group 1-20,text,true,,2813,86,20,20,https://example.com/login,273,0,41
1789034479135,555,Search Products,200,OK,Thread Group 1-20,text,true,,1909,216,20,20,https://example.com/search-products,388,0,12
1789034479270,524,View Product,200,OK,Thread Group 1-20,text,true,,2679,116,20,20,https://example.com/view-product,367,0,35
1789034479405,1205,Add to Cart,200,OK,Thread Group 1-20,text,true,,1580,199,20,20,https://example.com/add-to-cart,844,0,34
1789034479540,1078,Checkout,200,OK,Thread Group 1-20,text,true,,797,208,20,20,https://example.com/checkout,755,0,26
1789034479675,270,Logout,200,OK,Thread Group 1-20,text,true,,1033,144,20,20,https://example.com/logout,189,0,19
1789034480000,525,Login,200,OK,Thread Group 1-1,text,true,,1663,220,20,20,https://example.com/login,368,0,32
1789034480135,542,Search Products,200,OK,Thread Group 1-1,text,true,,1114,120,20,20,https://example.com/search-products,379,0,49
1789034480270,531,View Product,200,OK,Thread Group 1-1,text,true,,1382,181,20,20,https://example.com/view-product,372,0,42
1789034480405,531,Add to Cart,200,OK,Thread Group 1-1,text,true,,1046,189,20,20,https://example.com/add-to-cart,372,0,38
1789034480540,1072,Checkout,200,OK,Thread Group 1-1,text,true,,2799,202,20,20,https://example.com/checkout,750,0,37
1789034480675,456,Logout,200,OK,Thread Group 1-1,text,true,,2792,199,20,20,https://example.com/logout,319,0,28
1789034481000,421,Login,200,OK,Thread Group 1-2,text,true,,2125,214,20,20,https://example.com/login,295,0,43
1789034481135,394,Search Products,200,OK,Thread Group 1-2,text,true,,1545,239,20,20,https://example.com/search-products,276,0,33
1789034481270,314,View Product,200,OK,Thread Group 1-2,text,true,,2329,80,20,20,https://example.com/view-product,220,0,43
1789034481405,1285,Add to Cart,200,OK,Thread Group 1-2,text,true,,1955,97,20,20,https://example.com/add-to-cart,899,0,20
1789034481540,615,Checkout,200,OK,Thread Group 1-2,text,true,,2068,152,20,20,https://example.com/checkout,430,0,17
1789034481675,355,Logout,200,OK,Thread Group 1-2,text,true,,1465,120,20,20,https://example.com/logout,248,0,28
1789034482000,493,Login,200,OK,Thread Group 1-3,text,true,,2464,112,20,20,https://example.com/login,345,0,34
1789034482135,487,Search Products,200,OK,Thread Group 1-3,text,true,,2975,119,20,20,https://example.com/search-products,341,0,35
1789034482270,429,View Product,200,OK,Thread Group 1-3,text,true,,1609,165,20,20,https://example.com/view-product,300,0,15
1789034482405,736,Add to Cart,200,OK,Thread Group 1-3,text,true,,1277,124,20,20,https://example.com/add-to-cart,515,0,26
1789034482540,1199,Checkout,200,OK,Thread Group 1-3,text,true,,2132,142,20,20,https://example.com/checkout,839,0,18
1789034482675,257,Logout,200,OK,Thread Group 1-3,text,true,,2325,237,20,20,https://example.com/logout,180,0,41
1789034483000,334,Login,200,OK,Thread Group 1-4,text,true,,2636,224,20,20,https://example.com/login,234,0,23
1789034483135,422,Search Products,200,OK,Thread Group 1-4,text,true,,1431,124,20,20,https://example.com/search-products,295,0,30
1789034483270,394,View Product,200,OK,Thread Group 1-4,text,true,,793,200,20,20,https://example.com/view-product,276,0,38
1789034483405,1015,Add to Cart,200,OK,Thread Group 1-4,text,true,,2634,121,20,20,https://example.com/add-to-cart,710,0,24
1789034483540,956,Checkout,200,OK,Thread Group 1-4,text,true,,1271,213,20,20,https://example.com/checkout,669,0,14
1789034483675,241,Logout,200,OK,Thread Group 1-4,text,true,,1314,188,20,20,https://example.com/logout,169,0,17
1789034484000,566,Login,200,OK,Thread Group 1-5,text,true,,999,140,20,20,https://example.com/login,396,0,30
1789034484135,672,Search Products,200,OK,Thread Group 1-5,text,true,,2458,147,20,20,https://example.com/search-products,470,0,27
1789034484270,437,View Product,200,OK,Thread Group 1-5,text,true,,2235,187,20,20,https://example.com/view-product,306,0,30
1789034484405,745,Add to Cart,200,OK,Thread Group 1-5,text,true,,2540,111,20,20,https://example.com/add-to-cart,522,0,39
1789034484540,1280,Checkout,200,OK,Thread Group 1-5,text,true,,2721,183,20,20,https://example.com/checkout,896,0,49
1789034484675,184,Logout,200,OK,Thread Group 1-5,text,true,,1723,150,20,20,https://example.com/logout,129,0,44
1789034485000,389,Login,200,OK,Thread Group 1-6,text,true,,980,236,20,20,https://example.com/login,272,0,42
1789034485135,740,Search Products,200,OK,Thread Group 1-6,text,true,,1092,120,20,20,https://example.com/search-products,518,0,44
1789034485270,501,View Product,200,OK,Thread Group 1-6,text,true,,1142,143,20,20,https://example.com/view-product,351,0,29
1789034485405,726,Add to Cart,200,OK,Thread Group 1-6,text,true,,2423,86,20,20,https://example.com/add-to-cart,508,0,21
1789034485540,1254,Checkout,200,OK,Thread Group 1-6,text,true,,1114,85,20,20,https://example.com/checkout,878,0,14
1789034485675,297,Logout,200,OK,Thread Group 1-6,text,true,,1224,123,20,20,https://example.com/logout,208,0,22
1789034486000,489,Login,200,OK,Thread Group 1-7,text,true,,2990,113,20,20,https://example.com/login,342,0,10
1789034486135,434,Search Products,200,OK,Thread Group 1-7,text,true,,2539,210,20,20,https://example.com/search-products,304,0,40
1789034486270,645,View Product,200,OK,Thread Group 1-7,text,true,,2121,223,20,20,https://example.com/view-product,451,0,29
1789034486405,995,Add to Cart,200,OK,Thread Group 1-7,text,true,,1659,207,20,20,https://example.com/add-to-cart,696,0,42
1789034486540,1042,Checkout,200,OK,Thread Group 1-7,text,true,,972,236,20,20,https://example.com/checkout,729,0,25
1789034486675,343,Logout,200,OK,Thread Group 1-7,text,true,,739,106,20,20,https://example.com/logout,240,0,15
1789034487000,387,Login,200,OK,Thread Group 1-8,text,true,,2290,183,20,20,https://example.com/login,271,0,42
1789034487135,1252,Search Products,200,OK,Thread Group 1-8,text,true,,2098,166,20,20,https://example.com/search-products,876,0,14
1789034487270,381,View Product,200,OK,Thread Group 1-8,text,true,,1149,126,20,20,https://example.com/view-product,267,0,44
1789034487405,509,Add to Cart,200,OK,Thread Group 1-8,text,true,,1330,197,20,20,https://example.com/add-to-cart,356,0,31
1789034487540,1921,Checkout,200,OK,Thread Group 1-8,text,true,,2741,128,20,20,https://example.com/checkout,1345,0,33
1789034487675,242,Logout,200,OK,Thread Group 1-8,text,true,,2075,232,20,20,https://example.com/logout,169,0,28
1789034488000,310,Login,200,OK,Thread Group 1-9,text,true,,2871,195,20,20,https://example.com/login,217,0,27
1789034488135,333,Search Products,200,OK,Thread Group 1-9,text,true,,1299,164,20,20,https://example.com/search-products,233,0,35
1789034488270,548,View Product,200,OK,Thread Group 1-9,text,true,,1501,155,20,20,https://example.com/view-product,384,0,23
1789034488405,887,Add to Cart,200,OK,Thread Group 1-9,text,true,,2152,143,20,20,https://example.com/add-to-cart,621,0,14
1789034488540,1066,Checkout,200,OK,Thread Group 1-9,text,true,,1477,100,20,20,https://example.com/checkout,746,0,18
1789034488675,191,Logout,200,OK,Thread Group 1-9,text,true,,1347,208,20,20,https://example.com/logout,134,0,14
1789034489000,657,Login,200,OK,Thread Group 1-10,text,true,,2406,80,20,20,https://example.com/login,460,0,43
1789034489135,678,Search Products,200,OK,Thread Group 1-10,text,true,,1706,117,20,20,https://example.com/search-products,475,0,29
1789034489270,372,View Product,200,OK,Thread Group 1-10,text,true,,2415,116,20,20,https://example.com/view-product,260,0,35
1789034489405,837,Add to Cart,200,OK,Thread Group 1-10,text,true,,801,233,20,20,https://example.com/add-to-cart,586,0,15
1789034489540,806,Checkout,200,OK,Thread Group 1-10,text,true,,2796,216,20,20,https://example.com/checkout,564,0,20
1789034489675,361,Logout,200,OK,Thread Group 1-10,text,true,,950,103,20,20,https://example.com/logout,253,0,19
1789034490000,356,Login,200,OK,Thread Group 1-11,text,true,,2712,197,20,20,https://example.com/login,249,0,34
1789034490135,519,Search Products,200,OK,Thread Group 1-11,text,true,,1295,218,20,20,https://example.com/search-products,363,0,38
1789034490270,557,View Product,200,OK,Thread Group 1-11,text,true,,1164,92,20,20,https://example.com/view-product,390,0,44
1789034490405,598,Add to Cart,200,OK,Thread Group 1-11,text,true,,890,86,20,20,https://example.com/add-to-cart,419,0,15
1789034490540,1148,Checkout,200,OK,Thread Group 1-11,text,true,,1055,212,20,20,https://example.com/checkout,804,0,44
1789034490675,275,Logout,200,OK,Thread Group 1-11,text,true,,1986,187,20,20,https://example.com/logout,192,0,15
1789034491000,246,Login,200,OK,Thread Group 1-12,text,true,,2394,119,20,20,https://example.com/login,172,0,31
1789034491135,966,Search Products,200,OK,Thread Group 1-12,text,true,,1766,197,20,20,https://example.com/search-products,676,0,44
1789034491270,417,View Product,200,OK,Thread Group 1-12,text,true,,1701,221,20,20,https://example.com/view-product,292,0,43
1789034491405,600,Add to Cart,200,OK,Thread Group 1-12,text,true,,2733,150,20,20,https://example.com/add-to-cart,420,0,31
1789034491540,977,Checkout,200,OK,Thread Group 1-12,text,true,,1476,156,20,20,https://example.com/checkout,684,0,48
1789034491675,200,Logout,200,OK,Thread Group 1-12,text,true,,1296,239,20,20,https://example.com/logout,140,0,13
1789034492000,390,Login,200,OK,Thread Group 1-13,text,true,,764,216,20,20,https://example.com/login,273,0,24
1789034492135,990,Search Products,200,OK,Thread Group 1-13,text,true,,1650,182,20,20,https://example.com/search-products,693,0,42
1789034492270,478,View Product,200,OK,Thread Group 1-13,text,true,,905,92,20,20,https://example.com/view-product,335,0,48
1789034492405,594,Add to Cart,200,OK,Thread Group 1-13,text,true,,756,169,20,20,https://example.com/add-to-cart,416,0,34
1789034492540,936,Checkout,200,OK,Thread Group 1-13,text,true,,1520,81,20,20,https://example.com/checkout,655,0,38
1789034492675,182,Logout,200,OK,Thread Group 1-13,text,true,,1652,213,20,20,https://example.com/logout,127,0,32
1789034493000,469,Login,200,OK,Thread Group 1-14,text,true,,2505,237,20,20,https://example.com/login,328,0,21
1789034493135,723,Search Products,200,OK,Thread Group 1-14,text,true,,2343,122,20,20,https://example.com/search-products,506,0,11
1789034493270,534,View Product,200,OK,Thread Group 1-14,text,true,,2602,98,20,20,https://example.com/view-product,374,0,21
1789034493405,1011,Add to Cart,200,OK,Thread Group 1-14,text,true,,2788,133,20,20,https://example.com/add-to-cart,708,0,16
1789034493540,933,Checkout,200,OK,Thread Group 1-14,text,true,,1643,209,20,20,https://example.com/checkout,653,0,22
1789034493675,185,Logout,200,OK,Thread Group 1-14,text,true,,2506,230,20,20,https://example.com/logout,130,0,19
1789034494000,276,Login,200,OK,Thread Group 1-15,text,true,,1378,108,20,20,https://example.com/login,193,0,18
1789034494135,621,Search Products,200,OK,Thread Group 1-15,text,true,,2641,115,20,20,https://example.com/search-products,435,0,39
1789034494270,501,View Product,200,OK,Thread Group 1-15,text,true,,2512,216,20,20,https://example.com/view-product,351,0,21
1789034494405,396,Add to Cart,200,OK,Thread Group 1-15,text,true,,1553,232,20,20,https://example.com/add-to-cart,277,0,34
1789034494540,1131,Checkout,200,OK,Thread Group 1-15,text,true,,1824,126,20,20,https://example.com/checkout,792,0,40
1789034494675,215,Logout,200,OK,Thread Group 1-15,text,true,,2700,140,20,20,https://example.com/logout,150,0,31
1789034495000,378,Login,200,OK,Thread Group 1-16,text,true,,1973,215,20,20,https://example.com/login,265,0,35
1789034495135,613,Search Products,200,OK,Thread Group 1-16,text,true,,1803,232,20,20,https://example.com/search-products,429,0,19
1789034495270,872,View Product,200,OK,Thread Group 1-16,text,true,,2485,195,20,20,https://example.com/view-product,610,0,20
1789034495405,738,Add to Cart,200,OK,Thread Group 1-16,text,true,,737,229,20,20,https://example.com/add-to-cart,517,0,35
1789034495540,706,Checkout,200,OK,Thread Group 1-16,text,true,,2092,97,20,20,https://example.com/checkout,494,0,32
1789034495675,180,Logout,200,OK,Thread Group 1-16,text,true,,1265,157,20,20,https://example.com/logout,126,0,35
1789034496000,478,Login,200,OK,Thread Group 1-17,text,true,,2818,118,20,20,https://example.com/login,335,0,43
1789034496135,664,Search Products,200,OK,Thread Group 1-17,text,true,,2934,181,20,20,https://example.com/search-products,465,0,50
1789034496270,466,View Product,200,OK,Thread Group 1-17,text,true,,2800,209,20,20,https://example.com/view-product,326,0,16
1789034496405,944,Add to Cart,200,OK,Thread Group 1-17,text,true,,2029,210,20,20,https://example.com/add-to-cart,661,0,48
1789034496540,1793,Checkout,200,OK,Thread Group 1-17,text,true,,2201,203,20,20,https://example.com/checkout,1255,0,30
1789034496675,350,Logout,200,OK,Thread Group 1-17,text,true,,1295,100,20,20,https://example.com/logout,245,0,26
1789034497000,470,Login,200,OK,Thread Group 1-18,text,true,,1053,167,20,20,https://example.com/login,329,0,20
1789034497135,969,Search Products,200,OK,Thread Group 1-18,text,true,,1037,126,20,20,https://example.com/search-products,678,0,43
1789034497270,489,View Product,200,OK,Thread Group 1-18,text,true,,2136,164,20,20,https://example.com/view-product,342,0,17
1789034497405,609,Add to Cart,200,OK,Thread Group 1-18,text,true,,1605,206,20,20,https://example.com/add-to-cart,426,0,20
1789034497540,617,Checkout,200,OK,Thread Group 1-18,text,true,,2505,143,20,20,https://example.com/checkout,432,0,25
1789034497675,221,Logout,200,OK,Thread Group 1-18,text,true,,1993,136,20,20,https://example.com/logout,155,0,22
1789034498000,359,Login,200,OK,Thread Group 1-19,text,true,,2590,141,20,20,https://example.com/login,251,0,43
1789034498135,477,Search Products,200,OK,Thread Group 1-19,text,true,,2108,205,20,20,https://example.com/search-products,334,0,18
1789034498270,540,View Product,200,OK,Thread Group 1-19,text,true,,1253,223,20,20,https://example.com/view-product,378,0,48
1789034498405,684,Add to Cart,200,OK,Thread Group 1-19,text,true,,868,126,20,20,https://example.com/add-to-cart,479,0,16
1789034498540,1560,Checkout,200,OK,Thread Group 1-19,text,true,,1308,230,20,20,https://example.com/checkout,1092,0,24
1789034498675,205,Logout,200,OK,Thread Group 1-19,text,true,,2281,168,20,20,https://example.com/logout,144,0,21
1789034499000,485,Login,200,OK,Thread Group 1-20,text,true,,2462,207,20,20,https://example.com/login,340,0,33
1789034499135,775,Search Products,200,OK,Thread Group 1-20,text,true,,2792,129,20,20,https://example.com/search-products,542,0,41
1789034499270,1013,View Product,200,OK,Thread Group 1-20,text,true,,2391,201,20,20,https://example.com/view-product,709,0,15
1789034499405,664,Add to Cart,200,OK,Thread Group 1-20,text,true,,2172,237,20,20,https://example.com/add-to-cart,465,0,25
1789034499540,1092,Checkout,200,OK,Thread Group 1-20,text,true,,2194,81,20,20,https://example.com/checkout,764,0,39
1789034499675,218,Logout,200,OK,Thread Group 1-20,text,true,,2998,158,20,20,https://example.com/logout,153,0,39
1789034500000,392,Login,200,OK,Thread Group 1-1,text,true,,849,237,20,20,https://example.com/login,274,0,46
1789034500135,644,Search Products,200,OK,Thread Group 1-1,text,true,,1424,234,20,20,https://example.com/search-products,451,0,25
1789034500270,647,View Product,200,OK,Thread Group 1-1,text,true,,1673,167,20,20,https://example.com/view-product,453,0,12
1789034500405,660,Add to Cart,200,OK,Thread Group 1-1,text,true,,809,104,20,20,https://example.com/add-to-cart,462,0,47
1789034500540,1496,Checkout,200,OK,Thread Group 1-1,text,true,,2369,100,20,20,https://example.com/checkout,1047,0,32
1789034500675,191,Logout,200,OK,Thread Group 1-1,text,true,,2316,85,20,20,https://example.com/logout,134,0,21
1789034501000,321,Login,200,OK,Thread Group 1-2,text,true,,2487,185,20,20,https://example.com/login,225,0,41
1789034501135,529,Search Products,200,OK,Thread Group 1-2,text,true,,2249,83,20,20,https://example.com/search-products,370,0,45
1789034501270,362,View Product,200,OK,Thread Group 1-2,text,true,,2016,232,20,20,https://example.com/view-product,253,0,41
1789034501405,909,Add to Cart,200,OK,Thread Group 1-2,text,true,,954,182,20,20,https://example.com/add-to-cart,636,0,20
1789034501540,1138,Checkout,200,OK,Thread Group 1-2,text,true,,2653,163,20,20,https://example.com/checkout,797,0,20
1789034501675,232,Logout,200,OK,Thread Group 1-2,text,true,,2747,231,20,20,https://example.com/logout,162,0,16
1789034502000,385,Login,200,OK,Thread Group 1-3,text,true,,1644,151,20,20,https://example.com/login,270,0,20
1789034502135,630,Search Products,200,OK,Thread Group 1-3,text,true,,2687,131,20,20,https://example.com/search-products,441,0,10
1789034502270,430,View Product,200,OK,Thread Group 1-3,text,true,,962,146,20,20,https://example.com/view-product,301,0,23
1789034502405,572,Add to Cart,200,OK,Thread Group 1-3,text,true,,2410,233,20,20,https://example.com/add-to-cart,400,0,48
1789034502540,818,Checkout,200,OK,Thread Group 1-3,text,true,,1356,186,20,20,https://example.com/checkout,573,0,35
1789034502675,248,Logout,200,OK,Thread Group 1-3,text,true,,1420,163,20,20,https://example.com/logout,174,0,49
1789034503000,431,Login,200,OK,Thread Group 1-4,text,true,,1272,91,20,20,https://example.com/login,302,0,49
1789034503135,722,Search Products,200,OK,Thread Group 1-4,text,true,,1377,133,20,20,https://example.com/search-products,505,0,42
1789034503270,367,View Product,200,OK,Thread Group 1-4,text,true,,2104,200,20,20,https://example.com/view-product,257,0,23
1789034503405,624,Add to Cart,200,OK,Thread Group 1-4,text,true,,1158,210,20,20,https://example.com/add-to-cart,437,0,48
1789034503540,1136,Checkout,200,OK,Thread Group 1-4,text,true,,1943,126,20,20,https://example.com/checkout,795,0,35
1789034503675,191,Logout,200,OK,Thread Group 1-4,text,true,,983,178,20,20,https://example.com/logout,134,0,23
1789034504000,501,Login,200,OK,Thread Group 1-5,text,true,,1269,197,20,20,https://example.com/login,351,0,19
1789034504135,688,Search Products,200,OK,Thread Group 1-5,text,true,,2919,143,20,20,https://example.com/search-products,482,0,37
1789034504270,508,View Product,200,OK,Thread Group 1-5,text,true,,2998,137,20,20,https://example.com/view-product,356,0,16
1789034504405,461,Add to Cart,200,OK,Thread Group 1-5,text,true,,2079,219,20,20,https://example.com/add-to-cart,323,0,19
1789034504540,1137,Checkout,200,OK,Thread Group 1-5,text,true,,1920,131,20,20,https://example.com/checkout,796,0,11
1789034504675,290,Logout,200,OK,Thread Group 1-5,text,true,,1788,172,20,20,https://example.com/logout,203,0,47
1789034505000,400,Login,200,OK,Thread Group 1-6,text,true,,1718,199,20,20,https://example.com/login,280,0,37
1789034505135,675,Search Products,200,OK,Thread Group 1-6,text,true,,1852,88,20,20,https://example.com/search-products,472,0,46
1789034505270,541,View Product,200,OK,Thread Group 1-6,text,true,,2421,199,20,20,https://example.com/view-product,379,0,28
1789034505405,879,Add to Cart,200,OK,Thread Group 1-6,text,true,,2308,200,20,20,https://example.com/add-to-cart,615,0,12
1789034505540,1439,Checkout,200,OK,Thread Group 1-6,text,true,,1229,90,20,20,https://example.com/checkout,1007,0,10
1789034505675,336,Logout,200,OK,Thread Group 1-6,text,true,,2293,202,20,20,https://example.com/logout,235,0,43
1789034506000,404,Login,200,OK,Thread Group 1-7,text,true,,947,103,20,20,https://example.com/login,283,0,28
1789034506135,1288,Search Products,200,OK,Thread Group 1-7,text,true,,2234,193,20,20,https://example.com/search-products,902,0,48
1789034506270,502,View Product,200,OK,Thread Group 1-7,text,true,,1322,224,20,20,https://example.com/view-product,351,0,45
1789034506405,568,Add to Cart,200,OK,Thread Group 1-7,text,true,,2674,184,20,20,https://example.com/add-to-cart,398,0,50
1789034506540,940,Checkout,200,OK,Thread Group 1-7,text,true,,2025,99,20,20,https://example.com/checkout,658,0,18
1789034506675,138,Logout,200,OK,Thread Group 1-7,text,true,,1808,153,20,20,https://example.com/logout,97,0,47
1789034507000,403,Login,200,OK,Thread Group 1-8,text,true,,2676,94,20,20,https://example.com/login,282,0,10
1789034507135,677,Search Products,200,OK,Thread Group 1-8,text,true,,1772,176,20,20,https://example.com/search-products,474,0,37
1789034507270,741,View Product,200,OK,Thread Group 1-8,text,true,,1769,92,20,20,https://example.com/view-product,519,0,30
1789034507405,708,Add to Cart,200,OK,Thread Group 1-8,text,true,,2462,186,20,20,https://example.com/add-to-cart,496,0,16
1789034507540,650,Checkout,200,OK,Thread Group 1-8,text,true,,2759,115,20,20,https://example.com/checkout,455,0,21
1789034507675,284,Logout,200,OK,Thread Group 1-8,text,true,,2273,111,20,20,https://example.com/logout,199,0,39
1789034508000,488,Login,200,OK,Thread Group 1-9,text,true,,1146,210,20,20,https://example.com/login,342,0,24
1789034508135,710,Search Products,200,OK,Thread Group 1-9,text,true,,2140,85,20,20,https://example.com/search-products,497,0,16
1789034508270,673,View Product,200,OK,Thread Group 1-9,text,true,,2374,133,20,20,https://example.com/view-product,471,0,45
1789034508405,333,Add to Cart,200,OK,Thread Group 1-9,text,true,,1437,214,20,20,https://example.com/add-to-cart,233,0,15
1789034508540,777,Checkout,200,OK,Thread Group 1-9,text,true,,1527,137,20,20,https://example.com/checkout,544,0,21
1789034508675,303,Logout,200,OK,Thread Group 1-9,text,true,,2775,214,20,20,https://example.com/logout,212,0,15
1789034509000,430,Login,200,OK,Thread Group 1-10,text,true,,2659,214,20,20,https://example.com/login,301,0,43
1789034509135,880,Search Products,200,OK,Thread Group 1-10,text,true,,2208,216,20,20,https://example.com/search-products,616,0,20
1789034509270,1238,View Product,200,OK,Thread Group 1-10,text,true,,2539,155,20,20,https://example.com/view-product,867,0,36
1789034509405,755,Add to Cart,200,OK,Thread Group 1-10,text,true,,1597,178,20,20,https://example.com/add-to-cart,528,0,46
1789034509540,1115,Checkout,200,OK,Thread Group 1-10,text,true,,1962,228,20,20,https://example.com/checkout,780,0,30
1789034509675,222,Logout,200,OK,Thread Group 1-10,text,true,,2045,95,20,20,https://example.com/logout,155,0,29
1789034510000,391,Login,200,OK,Thread Group 1-11,text,true,,2412,175,20,20,https://example.com/login,274,0,41
1789034510135,724,Search Products,200,OK,Thread Group 1-11,text,true,,2581,141,20,20,https://example.com/search-products,507,0,36
1789034510270,736,View Product,200,OK,Thread Group 1-11,text,true,,2122,239,20,20,https://example.com/view-product,515,0,17
1789034510405,920,Add to Cart,200,OK,Thread Group 1-11,text,true,,2742,132,20,20,https://example.com/add-to-cart,644,0,10
1789034510540,1019,Checkout,200,OK,Thread Group 1-11,text,true,,2690,178,20,20,https://example.com/checkout,713,0,18
1789034510675,277,Logout,200,OK,Thread Group 1-11,text,true,,2782,173,20,20,https://example.com/logout,194,0,50
1789034511000,617,Login,200,OK,Thread Group 1-12,text,true,,1237,132,20,20,https://example.com/login,432,0,30
1789034511135,535,Search Products,200,OK,Thread Group 1-12,text,true,,2772,94,20,20,https://example.com/search-products,374,0,14
1789034511270,465,View Product,200,OK,Thread Group 1-12,text,true,,2519,158,20,20,https://example.com/view-product,326,0,37
1789034511405,545,Add to Cart,200,OK,Thread Group 1-12,text,true,,1739,160,20,20,https://example.com/add-to-cart,382,0,37
1789034511540,878,Checkout,200,OK,Thread Group 1-12,text,true,,1992,85,20,20,https://example.com/checkout,615,0,27
1789034511675,172,Logout,200,OK,Thread Group 1-12,text,true,,981,82,20,20,https://example.com/logout,120,0,18
1789034512000,318,Login,200,OK,Thread Group 1-13,text,true,,2981,93,20,20,https://example.com/login,223,0,13
1789034512135,416,Search Products,200,OK,Thread Group 1-13,text,true,,1190,142,20,20,https://example.com/search-products,291,0,15
1789034512270,698,View Product,200,OK,Thread Group 1-13,text,true,,2420,132,20,20,https://example.com/view-product,489,0,21
1789034512405,1325,Add to Cart,200,OK,Thread Group 1-13,text,true,,949,127,20,20,https://example.com/add-to-cart,927,0,22
1789034512540,743,Checkout,200,OK,Thread Group 1-13,text,true,,2412,113,20,20,https://example.com/checkout,520,0,20
1789034512675,239,Logout,200,OK,Thread Group 1-13,text,true,,2944,96,20,20,https://example.com/logout,167,0,17
1789034513000,291,Login,200,OK,Thread Group 1-14,text,true,,1148,206,20,20,https://example.com/login,204,0,26
1789034513135,793,Search Products,200,OK,Thread Group 1-14,text,true,,2092,188,20,20,https://example.com/search-products,555,0,19
1789034513270,710,View Product,200,OK,Thread Group 1-14,text,true,,1857,145,20,20,https://example.com/view-product,497,0,26
1789034513405,569,Add to Cart,200,OK,Thread Group 1-14,text,true,,1519,181,20,20,https://example.com/add-to-cart,398,0,17
1789034513540,1000,Checkout,200,OK,Thread Group 1-14,text,true,,861,168,20,20,https://example.com/checkout,700,0,37
1789034513675,320,Logout,200,OK,Thread Group 1-14,text,true,,1872,109,20,20,https://example.com/logout,224,0,31
1789034514000,298,Login,200,OK,Thread Group 1-15,text,true,,2624,189,20,20,https://example.com/login,209,0,20
1789034514135,692,Search Products,200,OK,Thread Group 1-15,text,true,,1079,112,20,20,https://example.com/search-products,484,0,30
1789034514270,674,View Product,200,OK,Thread Group 1-15,text,true,,2001,220,20,20,https://example.com/view-product,472,0,29
1789034514405,635,Add to Cart,200,OK,Thread Group 1-15,text,true,,1435,183,20,20,https://example.com/add-to-cart,444,0,45
1789034514540,1823,Checkout,200,OK,Thread Group 1-15,text,true,,2106,183,20,20,https://example.com/checkout,1276,0,43
1789034514675,256,Logout,200,OK,Thread Group 1-15,text,true,,1968,93,20,20,https://example.com/logout,179,0,47
1789034515000,236,Login,200,OK,Thread Group 1-16,text,true,,724,159,20,20,https://example.com/login,165,0,16
1789034515135,599,Search Products,200,OK,Thread Group 1-16,text,true,,1889,149,20,20,https://example.com/search-products,419,0,15
1789034515270,264,View Product,200,OK,Thread Group 1-16,text,true,,2858,180,20,20,https://example.com/view-product,185,0,50
1789034515405,1272,Add to Cart,200,OK,Thread Group 1-16,text,true,,2497,113,20,20,https://example.com/add-to-cart,890,0,14
1789034515540,1369,Checkout,200,OK,Thread Group 1-16,text,true,,2900,173,20,20,https://example.com/checkout,958,0,28
1789034515675,269,Logout,200,OK,Thread Group 1-16,text,true,,1417,214,20,20,https://example.com/logout,188,0,46
1789034516000,214,Login,200,OK,Thread Group 1-17,text,true,,2528,128,20,20,https://example.com/login,150,0,42
1789034516135,936,Search Products,200,OK,Thread Group 1-17,text,true,,794,155,20,20,https://example.com/search-products,655,0,37
1789034516270,458,View Product,200,OK,Thread Group 1-17,text,true,,1648,168,20,20,https://example.com/view-product,321,0,15
1789034516405,603,Add to Cart,200,OK,Thread Group 1-17,text,true,,1631,195,20,20,https://example.com/add-to-cart,422,0,26
1789034516540,1039,Checkout,200,OK,Thread Group 1-17,text,true,,2364,130,20,20,https://example.com/checkout,727,0,12
1789034516675,345,Logout,200,OK,Thread Group 1-17,text,true,,1874,136,20,20,https://example.com/logout,241,0,15
1789034517000,379,Login,200,OK,Thread Group 1-18,text,true,,1483,237,20,20,https://example.com/login,265,0,10
1789034517135,912,Search Products,200,OK,Thread Group 1-18,text,true,,1453,212,20,20,https://example.com/search-products,638,0,34
1789034517270,592,View Product,200,OK,Thread Group 1-18,text,true,,2249,169,20,20,https://example.com/view-product,414,0,42
1789034517405,439,Add to Cart,200,OK,Thread Group 1-18,text,true,,1661,133,20,20,https://example.com/add-to-cart,307,0,47
1789034517540,741,Checkout,200,OK,Thread Group 1-18,text,true,,2177,234,20,20,https://example.com/checkout,519,0,10
1789034517675,238,Logout,200,OK,Thread Group 1-18,text,true,,803,140,20,20,https://example.com/logout,167,0,13
1789034518000,276,Login,200,OK,Thread Group 1-19,text,true,,2903,140,20,20,https://example.com/login,193,0,15
1789034518135,529,Search Products,200,OK,Thread Group 1-19,text,true,,932,145,20,20,https://example.com/search-products,370,0,35
1789034518270,383,View Product,200,OK,Thread Group 1-19,text,true,,2117,198,20,20,https://example.com/view-product,268,0,30
1789034518405,870,Add to Cart,200,OK,Thread Group 1-19,text,true,,2102,107,20,20,https://example.com/add-to-cart,609,0,15
1789034518540,758,Checkout,200,OK,Thread Group 1-19,text,true,,1946,156,20,20,https://example.com/checkout,531,0,37
1789034518675,250,Logout,200,OK,Thread Group 1-19,text,true,,1842,167,20,20,https://example.com/logout,175,0,24
1789034519000,540,Login,200,OK,Thread Group 1-20,text,true,,2727,189,20,20,https://example.com/login,378,0,19
1789034519135,308,Search Products,200,OK,Thread Group 1-20,text,true,,1678,82,20,20,https://example.com/search-products,216,0,34
1789034519270,536,View Product,200,OK,Thread Group 1-20,text,true,,1994,181,20,20,https://example.com/view-product,375,0,38
1789034519405,873,Add to Cart,200,OK,Thread Group 1-20,text,true,,1592,108,20,20,https://example.com/add-to-cart,611,0,47
1789034519540,1295,Checkout,200,OK,Thread Group 1-20,text,true,,2998,117,20,20,https://example.com/checkout,906,0,34
1789034519675,259,Logout,200,OK,Thread Group 1-20,text,true,,1992,221,20,20,https://example.com/logout,181,0,37
1789034520000,186,Login,200,OK,Thread Group 1-1,text,true,,2222,117,20,20,https://example.com/login,130,0,22
1789034520135,580,Search Products,200,OK,Thread Group 1-1,text,true,,852,196,20,20,https://example.com/search-products,406,0,34
1789034520270,883,View Product,200,OK,Thread Group 1-1,text,true,,2737,174,20,20,https://example.com/view-product,618,0,25
1789034520405,695,Add to Cart,200,OK,Thread Group 1-1,text,true,,1627,103,20,20,https://example.com/add-to-cart,486,0,37
1789034520540,1096,Checkout,200,OK,Thread Group 1-1,text,true,,2180,176,20,20,https://example.com/checkout,767,0,30
1789034520675,209,Logout,200,OK,Thread Group 1-1,text,true,,2848,192,20,20,https://example.com/logout,146,0,10
1789034521000,452,Login,200,OK,Thread Group 1-2,text,true,,1551,166,20,20,https://example.com/login,316,0,46
1789034521135,469,Search Products,200,OK,Thread Group 1-2,text,true,,806,179,20,20,https://example.com/search-products,328,0,36
1789034521270,899,View Product,200,OK,Thread Group 1-2,text,true,,2394,103,20,20,https://example.com/view-product,629,0,47
1789034521405,1232,Add to Cart,200,OK,Thread Group 1-2,text,true,,1383,238,20,20,https://example.com/add-to-cart,862,0,46
1789034521540,673,Checkout,200,OK,Thread Group 1-2,text,true,,2426,104,20,20,https://example.com/checkout,471,0,17
1789034521675,222,Logout,200,OK,Thread Group 1-2,text,true,,1558,143,20,20,https://example.com/logout,155,0,40
1789034522000,478,Login,200,OK,Thread Group 1-3,text,true,,1296,225,20,20,https://example.com/login,335,0,15
1789034522135,613,Search Products,200,OK,Thread Group 1-3,text,true,,1012,237,20,20,https://example.com/search-products,429,0,39
1789034522270,284,View Product,200,OK,Thread Group 1-3,text,true,,1130,238,20,20,https://example.com/view-product,199,0,48
1789034522405,712,Add to Cart,200,OK,Thread Group 1-3,text,true,,2187,215,20,20,https://example.com/add-to-cart,498,0,37
1789034522540,683,Checkout,200,OK,Thread Group 1-3,text,true,,1253,192,20,20,https://example.com/checkout,478,0,35
1789034522675,150,Logout,200,OK,Thread Group 1-3,text,true,,2302,205,20,20,https://example.com/logout,105,0,33
1789034523000,521,Login,200,OK,Thread Group 1-4,text,true,,1541,196,20,20,https://example.com/login,365,0,18
1789034523135,638,Search Products,200,OK,Thread Group 1-4,text,true,,1833,222,20,20,https://example.com/search-products,447,0,35
1789034523270,543,View Product,200,OK,Thread Group 1-4,text,true,,2094,89,20,20,https://example.com/view-product,380,0,35
1789034523405,623,Add to Cart,200,OK,Thread Group 1-4,text,true,,2246,115,20,20,https://example.com/add-to-cart,436,0,36
1789034523540,1211,Checkout,200,OK,Thread Group 1-4,text,true,,2147,109,20,20,https://example.com/checkout,848,0,10
1789034523675,241,Logout,200,OK,Thread Group 1-4,text,true,,2687,199,20,20,https://example.com/logout,169,0,42
1789034524000,326,Login,200,OK,Thread Group 1-5,text,true,,1433,239,20,20,https://example.com/login,228,0,22
1789034524135,606,Search Products,200,OK,Thread Group 1-5,text,true,,2917,124,20,20,https://example.com/search-products,424,0,33
1789034524270,474,View Product,200,OK,Thread Group 1-5,text,true,,2612,133,20,20,https://example.com/view-product,332,0,15
1789034524405,808,Add to Cart,200,OK,Thread Group 1-5,text,true,,2753,235,20,20,https://example.com/add-to-cart,566,0,14
1789034524540,1145,Checkout,200,OK,Thread Group 1-5,text,true,,1260,237,20,20,https://example.com/checkout,802,0,50
1789034524675,341,Logout,200,OK,Thread Group 1-5,text,true,,2898,146,20,20,https://example.com/logout,239,0,13
1789034525000,376,Login,200,OK,Thread Group 1-6,text,true,,1111,187,20,20,https://example.com/login,263,0,32
1789034525135,794,Search Products,200,OK,Thread Group 1-6,text,true,,2538,165,20,20,https://example.com/search-products,556,0,14
1789034525270,455,View Product,200,OK,Thread Group 1-6,text,true,,2942,146,20,20,https://example.com/view-product,318,0,31
1789034525405,881,Add to Cart,200,OK,Thread Group 1-6,text,true,,2791,154,20,20,https://example.com/add-to-cart,617,0,13
1789034525540,893,Checkout,200,OK,Thread Group 1-6,text,true,,2424,90,20,20,https://example.com/checkout,625,0,29
1789034525675,390,Logout,200,OK,Thread Group 1-6,text,true,,1315,162,20,20,https://example.com/logout,273,0,15
1789034526000,361,Login,200,OK,Thread Group 1-7,text,true,,846,80,20,20,https://example.com/login,253,0,14
1789034526135,463,Search Products,200,OK,Thread Group 1-7,text,true,,2889,205,20,20,https://example.com/search-products,324,0,39
1789034526270,481,View Product,200,OK,Thread Group 1-7,text,true,,1291,127,20,20,https://example.com/view-product,337,0,44
1789034526405,855,Add to Cart,200,OK,Thread Group 1-7,text,true,,1231,236,20,20,https://example.com/add-to-cart,598,0,27
1789034526540,857,Checkout,200,OK,Thread Group 1-7,text,true,,1587,126,20,20,https://example.com/checkout,600,0,15
1789034526675,84,Logout,200,OK,Thread Group 1-7,text,true,,920,191,20,20,https://example.com/logout,59,0,21
1789034527000,579,Login,200,OK,Thread Group 1-8,text,true,,1214,135,20,20,https://example.com/login,405,0,37
1789034527135,999,Search Products,200,OK,Thread Group 1-8,text,true,,2972,99,20,20,https://example.com/search-products,699,0,39
1789034527270,560,View Product,200,OK,Thread Group 1-8,text,true,,2320,228,20,20,https://example.com/view-product,392,0,31
1789034527405,642,Add to Cart,200,OK,Thread Group 1-8,text,true,,1702,219,20,20,https://example.com/add-to-cart,449,0,11
1789034527540,928,Checkout,200,OK,Thread Group 1-8,text,true,,831,200,20,20,https://example.com/checkout,650,0,44
1789034527675,174,Logout,200,OK,Thread Group 1-8,text,true,,2982,197,20,20,https://example.com/logout,122,0,18
1789034528000,556,Login,200,OK,Thread Group 1-9,text,true,,816,109,20,20,https://example.com/login,389,0,39
1789034528135,547,Search Products,200,OK,Thread Group 1-9,text,true,,2875,89,20,20,https://example.com/search-products,383,0,50
1789034528270,507,View Product,200,OK,Thread Group 1-9,text,true,,2156,137,20,20,https://example.com/view-product,355,0,36
1789034528405,618,Add to Cart,200,OK,Thread Group 1-9,text,true,,1339,108,20,20,https://example.com/add-to-cart,433,0,34
1789034528540,1036,Checkout,200,OK,Thread Group 1-9,text,true,,2795,161,20,20,https://example.com/checkout,725,0,41
1789034528675,431,Logout,200,OK,Thread Group 1-9,text,true,,1154,182,20,20,https://example.com/logout,302,0,21
1789034529000,534,Login,200,OK,Thread Group 1-10,text,true,,1276,229,20,20,https://example.com/login,374,0,10
1789034529135,738,Search Products,200,OK,Thread Group 1-10,text,true,,1336,171,20,20,https://example.com/search-products,517,0,29
1789034529270,386,View Product,200,OK,Thread Group 1-10,text,true,,2630,209,20,20,https://example.com/view-product,270,0,47
1789034529405,812,Add to Cart,200,OK,Thread Group 1-10,text,true,,1791,173,20,20,https://example.com/add-to-cart,568,0,47
1789034529540,980,Checkout,200,OK,Thread Group 1-10,text,true,,2146,134,20,20,https://example.com/checkout,686,0,11
1789034529675,261,Logout,200,OK,Thread Group 1-10,text,true,,2568,218,20,20,https://example.com/logout,183,0,15
1789034530000,606,Login,200,OK,Thread Group 1-11,text,true,,2646,185,20,20,https://example.com/login,424,0,18
1789034530135,760,Search Products,200,OK,Thread Group 1-11,text,true,,1748,165,20,20,https://example.com/search-products,532,0,28
1789034530270,477,View Product,200,OK,Thread Group 1-11,text,true,,1578,144,20,20,https://example.com/view-product,334,0,30
1789034530405,1215,Add to Cart,200,OK,Thread Group 1-11,text,true,,2016,125,20,20,https://example.com/add-to-cart,850,0,22
1789034530540,877,Checkout,200,OK,Thread Group 1-11,text,true,,1032,158,20,20,https://example.com/checkout,614,0,15
1789034530675,137,Logout,200,OK,Thread Group 1-11,text,true,,1637,82,20,20,https://example.com/logout,96,0,13
1789034531000,483,Login,200,OK,Thread Group 1-12,text,true,,2409,93,20,20,https://example.com/login,338,0,24
1789034531135,635,Search Products,200,OK,Thread Group 1-12,text,true,,2706,109,20,20,https://example.com/search-products,444,0,16
1789034531270,396,View Product,200,OK,Thread Group 1-12,text,true,,2007,210,20,20,https://example.com/view-product,277,0,29
1789034531405,929,Add to Cart,200,OK,Thread Group 1-12,text,true,,972,193,20,20,https://example.com/add-to-cart,650,0,33
1789034531540,1252,Checkout,200,OK,Thread Group 1-12,text,true,,1392,199,20,20,https://example.com/checkout,876,0,25
1789034531675,269,Logout,200,OK,Thread Group 1-12,text,true,,2495,122,20,20,https://example.com/logout,188,0,46
1789034532000,405,Login,200,OK,Thread Group 1-13,text,true,,1495,138,20,20,https://example.com/login,284,0,31
1789034532135,492,Search Products,200,OK,Thread Group 1-13,text,true,,1600,202,20,20,https://example.com/search-products,344,0,48
1789034532270,313,View Product,200,OK,Thread Group 1-13,text,true,,947,189,20,20,https://example.com/view-product,219,0,24
1789034532405,875,Add to Cart,200,OK,Thread Group 1-13,text,true,,745,222,20,20,https://example.com/add-to-cart,612,0,38
1789034532540,737,Checkout,200,OK,Thread Group 1-13,text,true,,2282,219,20,20,https://example.com/checkout,516,0,46
1789034532675,214,Logout,200,OK,Thread Group 1-13,text,true,,1172,189,20,20,https://example.com/logout,150,0,37
1789034533000,209,Login,200,OK,Thread Group 1-14,text,true,,1243,199,20,20,https://example.com/login,146,0,15
1789034533135,680,Search Products,200,OK,Thread Group 1-14,text,true,,2916,194,20,20,https://example.com/search-products,476,0,40
1789034533270,1033,View Product,200,OK,Thread Group 1-14,text,true,,2305,239,20,20,https://example.com/view-product,723,0,30
1789034533405,451,Add to Cart,200,OK,Thread Group 1-14,text,true,,1311,223,20,20,https://example.com/add-to-cart,316,0,45
1789034533540,1321,Checkout,200,OK,Thread Group 1-14,text,true,,1188,201,20,20,https://example.com/checkout,925,0,50
1789034533675,172,Logout,200,OK,Thread Group 1-14,text,true,,1026,198,20,20,https://example.com/logout,120,0,36
1789034534000,321,Login,200,OK,Thread Group 1-15,text,true,,2950,81,20,20,https://example.com/login,225,0,10
1789034534135,574,Search Products,200,OK,Thread Group 1-15,text,true,,2946,127,20,20,https://example.com/search-products,402,0,33
1789034534270,306,View Product,200,OK,Thread Group 1-15,text,true,,2033,154,20,20,https://example.com/view-product,214,0,34
1789034534405,1032,Add to Cart,200,OK,Thread Group 1-15,text,true,,2404,95,20,20,https://example.com/add-to-cart,722,0,18
1789034534540,1007,Checkout,200,OK,Thread Group 1-15,text,true,,1388,127,20,20,https://example.com/checkout,705,0,44
1789034534675,291,Logout,200,OK,Thread Group 1-15,text,true,,2068,96,20,20,https://example.com/logout,204,0,10
1789034535000,375,Login,200,OK,Thread Group 1-16,text,true,,1276,187,20,20,https://example.com/login,262,0,18
1789034535135,667,Search Products,200,OK,Thread Group 1-16,text,true,,1780,184,20,20,https://example.com/search-products,467,0,40
1789034535270,440,View Product,200,OK,Thread Group 1-16,text,true,,1654,232,20,20,https://example.com/view-product,308,0,49
1789034535405,600,Add to Cart,200,OK,Thread Group 1-16,text,true,,1009,217,20,20,https://example.com/add-to-cart,420,0,21
1789034535540,1568,Checkout,200,OK,Thread Group 1-16,text,true,,2739,166,20,20,https://example.com/checkout,1098,0,32
1789034535675,149,Logout,200,OK,Thread Group 1-16,text,true,,2029,190,20,20,https://example.com/logout,104,0,31
1789034536000,417,Login,200,OK,Thread Group 1-17,text,true,,2194,123,20,20,https://example.com/login,292,0,40
1789034536135,510,Search Products,200,OK,Thread Group 1-17,text,true,,1735,173,20,20,https://example.com/search-products,357,0,31
1789034536270,421,View Product,200,OK,Thread Group 1-17,text,true,,888,95,20,20,https://example.com/view-product,295,0,13
1789034536405,1275,Add to Cart,200,OK,Thread Group 1-17,text,true,,1269,222,20,20,https://example.com/add-to-cart,892,0,50
1789034536540,1324,Checkout,200,OK,Thread Group 1-17,text,true,,1871,143,20,20,https://example.com/checkout,927,0,27
1789034536675,302,Logout,200,OK,Thread Group 1-17,text,true,,2243,201,20,20,https://example.com/logout,211,0,47
1789034537000,365,Login,200,OK,Thread Group 1-18,text,true,,2879,189,20,20,https://example.com/login,255,0,38
1789034537135,696,Search Products,200,OK,Thread Group 1-18,text,true,,2023,106,20,20,https://example.com/search-products,487,0,12
1789034537270,493,View Product,200,OK,Thread Group 1-18,text,true,,1621,237,20,20,https://example.com/view-product,345,0,26
1789034537405,697,Add to Cart,200,OK,Thread Group 1-18,text,true,,1534,127,20,20,https://example.com/add-to-cart,488,0,21
1789034537540,1452,Checkout,200,OK,Thread Group 1-18,text,true,,2724,156,20,20,https://example.com/checkout,1016,0,15
1789034537675,140,Logout,200,OK,Thread Group 1-18,text,true,,2776,203,20,20,https://example.com/logout,98,0,37
1789034538000,439,Login,200,OK,Thread Group 1-19,text,true,,1103,149,20,20,https://example.com/login,307,0,16
1789034538135,922,Search Products,200,OK,Thread Group 1-19,text,true,,2501,126,20,20,https://example.com/search-products,645,0,24
1789034538270,721,View Product,200,OK,Thread Group 1-19,text,true,,2045,141,20,20,https://example.com/view-product,505,0,17
1789034538405,953,Add to Cart,200,OK,Thread Group 1-19,text,true,,1565,125,20,20,https://example.com/add-to-cart,667,0,37
1789034538540,697,Checkout,200,OK,Thread Group 1-19,text,true,,1339,198,20,20,https://example.com/checkout,488,0,26
1789034538675,407,Logout,200,OK,Thread Group 1-19,text,true,,2783,128,20,20,https://example.com/logout,285,0,10
1789034539000,582,Login,200,OK,Thread Group 1-20,text,true,,2732,233,20,20,https://example.com/login,407,0,19
1789034539135,681,Search Products,200,OK,Thread Group 1-20,text,true,,1491,168,20,20,https://example.com/search-products,477,0,38
1789034539270,442,View Product,200,OK,Thread Group 1-20,text,true,,749,178,20,20,https://example.com/view-product,309,0,11
1789034539405,730,Add to Cart,200,OK,Thread Group 1-20,text,true,,1138,105,20,20,https://example.com/add-to-cart,511,0,13
1789034539540,732,Checkout,200,OK,Thread Group 1-20,text,true,,2050,187,20,20,https://example.com/checkout,512,0,43
1789034539675,226,Logout,200,OK,Thread Group 1-20,text,true,,780,86,20,20,https://example.com/logout,158,0,29
1789034540000,505,Login,200,OK,Thread Group 1-1,text,true,,2083,224,20,20,https://example.com/login,354,0,21
1789034540135,444,Search Products,200,OK,Thread Group 1-1,text,true,,1133,217,20,20,https://example.com/search-products,311,0,28
1789034540270,453,View Product,200,OK,Thread Group 1-1,text,true,,798,226,20,20,https://example.com/view-product,317,0,49
1789034540405,527,Add to Cart,200,OK,Thread Group 1-1,text,true,,1188,133,20,20,https://example.com/add-to-cart,369,0,44
1789034540540,1062,Checkout,200,OK,Thread Group 1-1,text,true,,2790,195,20,20,https://example.com/checkout,743,0,10
1789034540675,233,Logout,200,OK,Thread Group 1-1,text,true,,1066,185,20,20,https://example.com/logout,163,0,34
1789034541000,412,Login,200,OK,Thread Group 1-2,text,true,,2331,109,20,20,https://example.com/login,288,0,26
1789034541135,462,Search Products,200,OK,Thread Group 1-2,text,true,,2769,168,20,20,https://example.com/search-products,323,0,37
1789034541270,415,View Product,200,OK,Thread Group 1-2,text,true,,2681,135,20,20,https://example.com/view-product,290,0,13
1789034541405,685,Add to Cart,200,OK,Thread Group 1-2,text,true,,2885,206,20,20,https://example.com/add-to-cart,479,0,15
1789034541540,655,Checkout,200,OK,Thread Group 1-2,text,true,,1540,131,20,20,https://example.com/checkout,458,0,45
1789034541675,222,Logout,200,OK,Thread Group 1-2,text,true,,2449,101,20,20,https://example.com/logout,155,0,31
1789034542000,451,Login,200,OK,Thread Group 1-3,text,true,,2900,84,20,20,https://example.com/login,316,0,26
1789034542135,993,Search Products,200,OK,Thread Group 1-3,text,true,,1847,102,20,20,https://example.com/search-products,695,0,32
1789034542270,598,View Product,200,OK,Thread Group 1-3,text,true,,2456,231,20,20,https://example.com/view-product,419,0,37
1789034542405,716,Add to Cart,200,OK,Thread Group 1-3,text,true,,1266,233,20,20,https://example.com/add-to-cart,501,0,35
1789034542540,1054,Checkout,200,OK,Thread Group 1-3,text,true,,2197,136,20,20,https://example.com/checkout,738,0,39
1789034542675,317,Logout,200,OK,Thread Group 1-3,text,true,,2034,236,20,20,https://example.com/logout,222,0,23
1789034543000,527,Login,200,OK,Thread Group 1-4,text,true,,731,200,20,20,https://example.com/login,369,0,31
1789034543135,517,Search Products,200,OK,Thread Group 1-4,text,true,,1807,214,20,20,https://example.com/search-products,362,0,15
1789034543270,537,View Product,200,OK,Thread Group 1-4,text,true,,1894,153,20,20,https://example.com/view-product,376,0,14
1789034543405,871,Add to Cart,200,OK,Thread Group 1-4,text,true,,1658,101,20,20,https://example.com/add-to-cart,610,0,46
1789034543540,953,Checkout,200,OK,Thread Group 1-4,text,true,,1547,94,20,20,https://example.com/checkout,667,0,18
1789034543675,284,Logout,200,OK,Thread Group 1-4,text,true,,1864,188,20,20,https://example.com/logout,199,0,31
1789034544000,283,Login,200,OK,Thread Group 1-5,text,true,,2756,132,20,20,https://example.com/login,198,0,49
1789034544135,484,Search Products,200,OK,Thread Group 1-5,text,true,,1259,168,20,20,https://example.com/search-products,339,0,36
1789034544270,541,View Product,200,OK,Thread Group 1-5,text,true,,1357,240,20,20,https://example.com/view-product,379,0,48
1789034544405,676,Add to Cart,200,OK,Thread Group 1-5,text,true,,732,147,20,20,https://example.com/add-to-cart,473,0,13
1789034544540,1060,Checkout,200,OK,Thread Group 1-5,text,true,,766,82,20,20,https://example.com/checkout,742,0,17
1789034544675,262,Logout,200,OK,Thread Group 1-5,text,true,,777,237,20,20,https://example.com/logout,183,0,15
1789034545000,420,Login,200,OK,Thread Group 1-6,text,true,,2117,135,20,20,https://example.com/login,294,0,33
1789034545135,456,Search Products,200,OK,Thread Group 1-6,text,true,,2228,156,20,20,https://example.com/search-products,319,0,41
1789034545270,431,View Product,200,OK,Thread Group 1-6,text,true,,1559,223,20,20,https://example.com/view-product,302,0,47
1789034545405,307,Add to Cart,200,OK,Thread Group 1-6,text,true,,1434,222,20,20,https://example.com/add-to-cart,215,0,32
1789034545540,617,Checkout,200,OK,Thread Group 1-6,text,true,,2907,196,20,20,https://example.com/checkout,432,0,34
1789034545675,291,Logout,200,OK,Thread Group 1-6,text,true,,2122,85,20,20,https://example.com/logout,204,0,32
1789034546000,286,Login,200,OK,Thread Group 1-7,text,true,,2925,87,20,20,https://example.com/login,200,0,31
1789034546135,498,Search Products,200,OK,Thread Group 1-7,text,true,,1258,236,20,20,https://example.com/search-products,349,0,18
1789034546270,411,View Product,200,OK,Thread Group 1-7,text,true,,2146,84,20,20,https://example.com/view-product,288,0,38
1789034546405,901,Add to Cart,200,OK,Thread Group 1-7,text,true,,1287,203,20,20,https://example.com/add-to-cart,631,0,37
1789034546540,745,Checkout,200,OK,Thread Group 1-7,text,true,,2535,156,20,20,https://example.com/checkout,522,0,26
1789034546675,284,Logout,200,OK,Thread Group 1-7,text,true,,2717,145,20,20,https://example.com/logout,199,0,41
1789034547000,306,Login,200,OK,Thread Group 1-8,text,true,,817,165,20,20,https://example.com/login,214,0,50
1789034547135,504,Search Products,200,OK,Thread Group 1-8,text,true,,861,149,20,20,https://example.com/search-products,353,0,49
1789034547270,469,View Product,200,OK,Thread Group 1-8,text,true,,2542,214,20,20,https://example.com/view-product,328,0,31
1789034547405,744,Add to Cart,200,OK,Thread Group 1-8,text,true,,992,171,20,20,https://example.com/add-to-cart,521,0,15
1789034547540,715,Checkout,200,OK,Thread Group 1-8,text,true,,746,134,20,20,https://example.com/checkout,500,0,27
1789034547675,371,Logout,200,OK,Thread Group 1-8,text,true,,889,127,20,20,https://example.com/logout,260,0,47
1789034548000,327,Login,200,OK,Thread Group 1-9,text,true,,1265,240,20,20,https://example.com/login,229,0,12
1789034548135,851,Search Products,200,OK,Thread Group 1-9,text,true,,1399,89,20,20,https://example.com/search-products,596,0,23
1789034548270,368,View Product,200,OK,Thread Group 1-9,text,true,,930,105,20,20,https://example.com/view-product,258,0,36
1789034548405,681,Add to Cart,200,OK,Thread Group 1-9,text,true,,885,80,20,20,https://example.com/add-to-cart,477,0,37
1789034548540,1020,Checkout,200,OK,Thread Group 1-9,text,true,,2294,171,20,20,https://example.com/checkout,714,0,42
1789034548675,185,Logout,200,OK,Thread Group 1-9,text,true,,1646,91,20,20,https://example.com/logout,130,0,20
1789034549000,502,Login,200,OK,Thread Group 1-10,text,true,,2459,197,20,20,https://example.com/login,351,0,41
1789034549135,754,Search Products,200,OK,Thread Group 1-10,text,true,,1382,236,20,20,https://example.com/search-products,528,0,34
1789034549270,432,View Product,200,OK,Thread Group 1-10,text,true,,2080,166,20,20,https://example.com/view-product,302,0,19
1789034549405,713,Add to Cart,200,OK,Thread Group 1-10,text,true,,1279,195,20,20,https://example.com/add-to-cart,499,0,31
1789034549540,1294,Checkout,200,OK,Thread Group 1-10,text,true,,1013,84,20,20,https://example.com/checkout,906,0,14
1789034549675,265,Logout,200,OK,Thread Group 1-10,text,true,,1592,103,20,20,https://example.com/logout,186,0,27
1789034550000,648,Login,200,OK,Thread Group 1-11,text,true,,2314,186,20,20,https://example.com/login,454,0,19
1789034550135,814,Search Products,200,OK,Thread Group 1-11,text,true,,2158,151,20,20,https://example.com/search-products,570,0,41
1789034550270,493,View Product,200,OK,Thread Group 1-11,text,true,,976,125,20,20,https://example.com/view-product,345,0,14
1789034550405,955,Add to Cart,200,OK,Thread Group 1-11,text,true,,1728,131,20,20,https://example.com/add-to-cart,668,0,19
1789034550540,1153,Checkout,200,OK,Thread Group 1-11,text,true,,1528,199,20,20,https://example.com/checkout,807,0,21
1789034550675,166,Logout,200,OK,Thread Group 1-11,text,true,,1183,101,20,20,https://example.com/logout,116,0,32
1789034551000,585,Login,200,OK,Thread Group 1-12,text,true,,1587,152,20,20,https://example.com/login,410,0,37
1789034551135,1038,Search Products,200,OK,Thread Group 1-12,text,true,,900,211,20,20,https://example.com/search-products,727,0,13
1789034551270,373,View Product,200,OK,Thread Group 1-12,text,true,,1688,111,20,20,https://example.com/view-product,261,0,42
1789034551405,526,Add to Cart,200,OK,Thread Group 1-12,text,true,,2403,127,20,20,https://example.com/add-to-cart,368,0,18
1789034551540,628,Checkout,200,OK,Thread Group 1-12,text,true,,982,236,20,20,https://example.com/checkout,440,0,37
1789034551675,301,Logout,200,OK,Thread Group 1-12,text,true,,1744,93,20,20,https://example.com/logout,211,0,46
1789034552000,562,Login,200,OK,Thread Group 1-13,text,true,,1236,168,20,20,https://example.com/login,393,0,11
1789034552135,456,Search Products,200,OK,Thread Group 1-13,text,true,,1178,223,20,20,https://example.com/search-products,319,0,38
1789034552270,593,View Product,200,OK,Thread Group 1-13,text,true,,1950,136,20,20,https://example.com/view-product,415,0,50
1789034552405,1431,Add to Cart,200,OK,Thread Group 1-13,text,true,,1045,113,20,20,https://example.com/add-to-cart,1002,0,39
1789034552540,1201,Checkout,200,OK,Thread Group 1-13,text,true,,1181,158,20,20,https://example.com/checkout,841,0,27
1789034552675,216,Logout,200,OK,Thread Group 1-13,text,true,,1343,135,20,20,https://example.com/logout,151,0,17
1789034553000,301,Login,200,OK,Thread Group 1-14,text,true,,2594,169,20,20,https://example.com/login,211,0,33
1789034553135,472,Search Products,200,OK,Thread Group 1-14,text,true,,2925,142,20,20,https://example.com/search-products,330,0,37
1789034553270,262,View Product,200,OK,Thread Group 1-14,text,true,,1319,115,20,20,https://example.com/view-product,183,0,26
1789034553405,605,Add to Cart,200,OK,Thread Group 1-14,text,true,,1911,229,20,20,https://example.com/add-to-cart,424,0,23
1789034553540,1532,Checkout,200,OK,Thread Group 1-14,text,true,,2727,104,20,20,https://example.com/checkout,1072,0,33
1789034553675,127,Logout,200,OK,Thread Group 1-14,text,true,,1649,208,20,20,https://example.com/logout,89,0,28
1789034554000,207,Login,200,OK,Thread Group 1-15,text,true,,848,219,20,20,https://example.com/login,145,0,30
1789034554135,426,Search Products,200,OK,Thread Group 1-15,text,true,,905,162,20,20,https://example.com/search-products,298,0,11
1789034554270,603,View Product,200,OK,Thread Group 1-15,text,true,,2994,221,20,20,https://example.com/view-product,422,0,15
1789034554405,846,Add to Cart,200,OK,Thread Group 1-15,text,true,,961,221,20,20,https://example.com/add-to-cart,592,0,19
1789034554540,605,Checkout,200,OK,Thread Group 1-15,text,true,,1319,222,20,20,https://example.com/checkout,424,0,13
1789034554675,216,Logout,200,OK,Thread Group 1-15,text,true,,1561,183,20,20,https://example.com/logout,151,0,31
1789034555000,298,Login,200,OK,Thread Group 1-16,text,true,,2713,126,20,20,https://example.com/login,209,0,47
1789034555135,961,Search Products,200,OK,Thread Group 1-16,text,true,,1359,238,20,20,https://example.com/search-products,673,0,39
1789034555270,732,View Product,200,OK,Thread Group 1-16,text,true,,1245,122,20,20,https://example.com/view-product,512,0,50
1789034555405,374,Add to Cart,200,OK,Thread Group 1-16,text,true,,1356,90,20,20,https://example.com/add-to-cart,262,0,31
1789034555540,1449,Checkout,200,OK,Thread Group 1-16,text,true,,2274,107,20,20,https://example.com/checkout,1014,0,40
1789034555675,165,Logout,200,OK,Thread Group 1-16,text,true,,784,111,20,20,https://example.com/logout,115,0,15
1789034556000,379,Login,200,OK,Thread Group 1-17,text,true,,961,132,20,20,https://example.com/login,265,0,13
1789034556135,1071,Search Products,200,OK,Thread Group 1-17,text,true,,1572,121,20,20,https://example.com/search-products,750,0,33
1789034556270,534,View Product,200,OK,Thread Group 1-17,text,true,,1529,133,20,20,https://example.com/view-product,374,0,18
1789034556405,599,Add to Cart,200,OK,Thread Group 1-17,text,true,,2222,109,20,20,https://example.com/add-to-cart,419,0,18
1789034556540,913,Checkout,200,OK,Thread Group 1-17,text,true,,1706,199,20,20,https://example.com/checkout,639,0,15
1789034556675,162,Logout,200,OK,Thread Group 1-17,text,true,,1382,135,20,20,https://example.com/logout,113,0,50
1789034557000,294,Login,200,OK,Thread Group 1-18,text,true,,1464,200,20,20,https://example.com/login,206,0,41
1789034557135,479,Search Products,200,OK,Thread Group 1-18,text,true,,1646,223,20,20,https://example.com/search-products,335,0,32
1789034557270,641,View Product,200,OK,Thread Group 1-18,text,true,,2541,180,20,20,https://example.com/view-product,449,0,40
1789034557405,902,Add to Cart,200,OK,Thread Group 1-18,text,true,,757,108,20,20,https://example.com/add-to-cart,631,0,34
1789034557540,1261,Checkout,200,OK,Thread Group 1-18,text,true,,1930,180,20,20,https://example.com/checkout,883,0,14
1789034557675,163,Logout,200,OK,Thread Group 1-18,text,true,,2199,133,20,20,https://example.com/logout,114,0,47
1789034558000,444,Login,200,OK,Thread Group 1-19,text,true,,2283,128,20,20,https://example.com/login,311,0,17
1789034558135,586,Search Products,200,OK,Thread Group 1-19,text,true,,908,212,20,20,https://example.com/search-products,410,0,41
1789034558270,386,View Product,200,OK,Thread Group 1-19,text,true,,2722,164,20,20,https://example.com/view-product,270,0,41
1789034558405,805,Add to Cart,200,OK,Thread Group 1-19,text,true,,2684,111,20,20,https://example.com/add-to-cart,564,0,32
1789034558540,1317,Checkout,200,OK,Thread Group 1-19,text,true,,2552,125,20,20,https://example.com/checkout,922,0,28
1789034558675,243,Logout,200,OK,Thread Group 1-19,text,true,,2452,189,20,20,https://example.com/logout,170,0,19
1789034559000,160,Login,200,OK,Thread Group 1-20,text,true,,2106,114,20,20,https://example.com/login,112,0,34
1789034559135,569,Search Products,200,OK,Thread Group 1-20,text,true,,2144,182,20,20,https://example.com/search-products,398,0,36
1789034559270,777,View Product,200,OK,Thread Group 1-20,text,true,,2781,177,20,20,https://example.com/view-product,544,0,16
1789034559405,674,Add to Cart,200,OK,Thread Group 1-20,text,true,,2774,119,20,20,https://example.com/add-to-cart,472,0,42
1789034559540,1272,Checkout,200,OK,Thread Group 1-20,text,true,,1132,205,20,20,https://example.com/checkout,890,0,11
1789034559675,467,Logout,200,OK,Thread Group 1-20,text,true,,1721,106,20,20,https://example.com/logout,327,0,14
1789034560000,700,Login,200,OK,Thread Group 1-1,text,true,,704,144,20,20,https://example.com/login,490,0,15
1789034560135,826,Search Products,200,OK,Thread Group 1-1,text,true,,2125,186,20,20,https://example.com/search-products,578,0,27
1789034560270,570,View Product,200,OK,Thread Group 1-1,text,true,,1971,158,20,20,https://example.com/view-product,399,0,31
1789034560405,1253,Add to Cart,200,OK,Thread Group 1-1,text,true,,1840,163,20,20,https://example.com/add-to-cart,877,0,41
1789034560540,932,Checkout,200,OK,Thread Group 1-1,text,true,,1847,217,20,20,https://example.com/checkout,652,0,47
1789034560675,202,Logout,200,OK,Thread Group 1-1,text,true,,2333,197,20,20,https://example.com/logout,141,0,25
1789034561000,492,Login,200,OK,Thread Group 1-2,text,true,,2450,225,20,20,https://example.com/login,344,0,11
1789034561135,569,Search Products,200,OK,Thread Group 1-2,text,true,,1216,182,20,20,https://example.com/search-products,398,0,49
1789034561270,630,View Product,200,OK,Thread Group 1-2,text,true,,1774,124,20,20,https://example.com/view-product,441,0,23
1789034561405,676,Add to Cart,200,OK,Thread Group 1-2,text,true,,1742,108,20,20,https://example.com/add-to-cart,473,0,16
1789034561540,1294,Checkout,200,OK,Thread Group 1-2,text,true,,2295,202,20,20,https://example.com/checkout,906,0,29
1789034561675,169,Logout,200,OK,Thread Group 1-2,text,true,,1000,187,20,20,https://example.com/logout,118,0,36
1789034562000,265,Login,200,OK,Thread Group 1-3,text,true,,963,99,20,20,https://example.com/login,186,0,48
1789034562135,463,Search Products,200,OK,Thread Group 1-3,text,true,,1368,81,20,20,https://example.com/search-products,324,0,37
1789034562270,309,View Product,200,OK,Thread Group 1-3,text,true,,2792,145,20,20,https://example.com/view-product,216,0,31
1789034562405,409,Add to Cart,200,OK,Thread Group 1-3,text,true,,1398,96,20,20,https://example.com/add-to-cart,286,0,39
1789034562540,754,Checkout,200,OK,Thread Group 1-3,text,true,,1598,105,20,20,https://example.com/checkout,528,0,48
1789034562675,232,Logout,200,OK,Thread Group 1-3,text,true,,1633,128,20,20,https://example.com/logout,162,0,42
1789034563000,422,Login,200,OK,Thread Group 1-4,text,true,,2834,153,20,20,https://example.com/login,295,0,23
1789034563135,842,Search Products,200,OK,Thread Group 1-4,text,true,,2211,149,20,20,https://example.com/search-products,589,0,35
1789034563270,469,View Product,200,OK,Thread Group 1-4,text,true,,820,125,20,20,https://example.com/view-product,328,0,39
1789034563405,587,Add to Cart,200,OK,Thread Group 1-4,text,true,,1059,116,20,20,https://example.com/add-to-cart,411,0,22
1789034563540,1055,Checkout,200,OK,Thread Group 1-4,text,true,,2903,167,20,20,https://example.com/checkout,738,0,28
1789034563675,193,Logout,200,OK,Thread Group 1-4,text,true,,1957,223,20,20,https://example.com/logout,135,0,45
1789034564000,236,Login,200,OK,Thread Group 1-5,text,true,,2004,216,20,20,https://example.com/login,165,0,18
1789034564135,449,Search Products,200,OK,Thread Group 1-5,text,true,,1829,165,20,20,https://example.com/search-products,314,0,24
1789034564270,410,View Product,200,OK,Thread Group 1-5,text,true,,1603,233,20,20,https://example.com/view-product,287,0,31
1789034564405,671,Add to Cart,200,OK,Thread Group 1-5,text,true,,1118,174,20,20,https://example.com/add-to-cart,470,0,18
1789034564540,828,Checkout,200,OK,Thread Group 1-5,text,true,,824,149,20,20,https://example.com/checkout,580,0,10
1789034564675,296,Logout,200,OK,Thread Group 1-5,text,true,,2496,238,20,20,https://example.com/logout,207,0,44
1789034565000,307,Login,200,OK,Thread Group 1-6,text,true,,2991,114,20,20,https://example.com/login,215,0,18
1789034565135,536,Search Products,200,OK,Thread Group 1-6,text,true,,1532,87,20,20,https://example.com/search-products,375,0,48
1789034565270,708,View Product,200,OK,Thread Group 1-6,text,true,,2165,155,20,20,https://example.com/view-product,496,0,44
1789034565405,521,Add to Cart,200,OK,Thread Group 1-6,text,true,,1487,138,20,20,https://example.com/add-to-cart,365,0,40
1789034565540,1144,Checkout,200,OK,Thread Group 1-6,text,true,,2434,152,20,20,https://example.com/checkout,801,0,27
1789034565675,325,Logout,200,OK,Thread Group 1-6,text,true,,933,131,20,20,https://example.com/logout,227,0,32
1789034566000,340,Login,200,OK,Thread Group 1-7,text,true,,2716,116,20,20,https://example.com/login,238,0,43
1789034566135,623,Search Products,200,OK,Thread Group 1-7,text,true,,2764,149,20,20,https://example.com/search-products,436,0,19
1789034566270,633,View Product,200,OK,Thread Group 1-7,text,true,,1612,130,20,20,https://example.com/view-product,443,0,15
1789034566405,568,Add to Cart,200,OK,Thread Group 1-7,text,true,,2365,147,20,20,https://example.com/add-to-cart,398,0,36
1789034566540,926,Checkout,200,OK,Thread Group 1-7,text,true,,2766,217,20,20,https://example.com/checkout,648,0,10
1789034566675,229,Logout,200,OK,Thread Group 1-7,text,true,,2013,186,20,20,https://example.com/logout,160,0,34
1789034567000,291,Login,200,OK,Thread Group 1-8,text,true,,2827,198,20,20,https://example.com/login,204,0,39
1789034567135,896,Search Products,200,OK,Thread Group 1-8,text,true,,1097,188,20,20,https://example.com/search-products,627,0,48
1789034567270,770,View Product,200,OK,Thread Group 1-8,text,true,,2759,160,20,20,https://example.com/view-product,539,0,20
1789034567405,520,Add to Cart,200,OK,Thread Group 1-8,text,true,,1155,127,20,20,https://example.com/add-to-cart,364,0,15
1789034567540,1007,Checkout,200,OK,Thread Group 1-8,text,true,,1747,85,20,20,https://example.com/checkout,705,0,17
1789034567675,222,Logout,200,OK,Thread Group 1-8,text,true,,926,212,20,20,https://example.com/logout,155,0,49
1789034568000,236,Login,200,OK,Thread Group 1-9,text,true,,2596,232,20,20,https://example.com/login,165,0,50
1789034568135,279,Search Products,200,OK,Thread Group 1-9,text,true,,1952,108,20,20,https://example.com/search-products,195,0,11
1789034568270,362,View Product,200,OK,Thread Group 1-9,text,true,,784,99,20,20,https://example.com/view-product,253,0,31
1789034568405,1121,Add to Cart,200,OK,Thread Group 1-9,text,true,,1690,122,20,20,https://example.com/add-to-cart,785,0,39
1789034568540,1077,Checkout,200,OK,Thread Group 1-9,text,true,,2121,88,20,20,https://example.com/checkout,754,0,11
1789034568675,357,Logout,200,OK,Thread Group 1-9,text,true,,2457,166,20,20,https://example.com/logout,250,0,11
1789034569000,255,Login,200,OK,Thread Group 1-10,text,true,,1574,98,20,20,https://example.com/login,178,0,42
1789034569135,546,Search Products,200,OK,Thread Group 1-10,text,true,,1634,153,20,20,https://example.com/search-products,382,0,40
1789034569270,500,View Product,200,OK,Thread Group 1-10,text,true,,749,105,20,20,https://example.com/view-product,350,0,35
1789034569405,645,Add to Cart,200,OK,Thread Group 1-10,text,true,,1001,189,20,20,https://example.com/add-to-cart,451,0,12
1789034569540,1464,Checkout,200,OK,Thread Group 1-10,text,true,,1690,143,20,20,https://example.com/checkout,1025,0,24
1789034569675,226,Logout,200,OK,Thread Group 1-10,text,true,,1640,167,20,20,https://example.com/logout,158,0,13
1789034570000,248,Login,200,OK,Thread Group 1-11,text,true,,1756,120,20,20,https://example.com/login,174,0,19
1789034570135,565,Search Products,200,OK,Thread Group 1-11,text,true,,1075,117,20,20,https://example.com/search-products,396,0,21
1789034570270,732,View Product,200,OK,Thread Group 1-11,text,true,,1359,192,20,20,https://example.com/view-product,512,0,36
1789034570405,337,Add to Cart,200,OK,Thread Group 1-11,text,true,,2786,205,20,20,https://example.com/add-to-cart,236,0,25
1789034570540,709,Checkout,200,OK,Thread Group 1-11,text,true,,2306,185,20,20,https://example.com/checkout,496,0,45
1789034570675,290,Logout,200,OK,Thread Group 1-11,text,true,,2058,219,20,20,https://example.com/logout,203,0,31
1789034571000,374,Login,200,OK,Thread Group 1-12,text,true,,1627,149,20,20,https://example.com/login,262,0,27
1789034571135,517,Search Products,200,OK,Thread Group 1-12,text,true,,1679,152,20,20,https://example.com/search-products,362,0,39
1789034571270,345,View Product,200,OK,Thread Group 1-12,text,true,,1497,102,20,20,https://example.com/view-product,241,0,33
1789034571405,633,Add to Cart,200,OK,Thread Group 1-12,text,true,,2201,86,20,20,https://example.com/add-to-cart,443,0,33
1789034571540,632,Checkout,200,OK,Thread Group 1-12,text,true,,2770,208,20,20,https://example.com/checkout,442,0,40
1789034571675,325,Logout,200,OK,Thread Group 1-12,text,true,,735,84,20,20,https://example.com/logout,227,0,21
1789034572000,359,Login,200,OK,Thread Group 1-13,text,true,,847,85,20,20,https://example.com/login,251,0,26
1789034572135,648,Search Products,200,OK,Thread Group 1-13,text,true,,1717,171,20,20,https://example.com/search-products,454,0,13
1789034572270,454,View Product,200,OK,Thread Group 1-13,text,true,,1228,165,20,20,https://example.com/view-product,318,0,49
1789034572405,681,Add to Cart,200,OK,Thread Group 1-13,text,true,,1354,94,20,20,https://example.com/add-to-cart,477,0,13
1789034572540,954,Checkout,200,OK,Thread Group 1-13,text,true,,1631,227,20,20,https://example.com/checkout,668,0,24
1789034572675,241,Logout,200,OK,Thread Group 1-13,text,true,,1488,173,20,20,https://example.com/logout,169,0,34
1789034573000,367,Login,200,OK,Thread Group 1-14,text,true,,2571,169,20,20,https://example.com/login,257,0,41
1789034573135,787,Search Products,200,OK,Thread Group 1-14,text,true,,1389,208,20,20,https://example.com/search-products,551,0,29
1789034573270,618,View Product,200,OK,Thread Group 1-14,text,true,,2659,166,20,20,https://example.com/view-product,433,0,25
1789034573405,755,Add to Cart,200,OK,Thread Group 1-14,text,true,,1120,150,20,20,https://example.com/add-to-cart,528,0,16
1789034573540,795,Checkout,200,OK,Thread Group 1-14,text,true,,1059,114,20,20,https://example.com/checkout,556,0,24
1789034573675,264,Logout,200,OK,Thread Group 1-14,text,true,,1113,131,20,20,https://example.com/logout,185,0,11
1789034574000,407,Login,200,OK,Thread Group 1-15,text,true,,2701,201,20,20,https://example.com/login,285,0,41
1789034574135,748,Search Products,200,OK,Thread Group 1-15,text,true,,1243,219,20,20,https://example.com/search-products,524,0,30
1789034574270,331,View Product,200,OK,Thread Group 1-15,text,true,,1538,166,20,20,https://example.com/view-product,232,0,45
1789034574405,474,Add to Cart,200,OK,Thread Group 1-15,text,true,,2207,169,20,20,https://example.com/add-to-cart,332,0,32
1789034574540,1313,Checkout,200,OK,Thread Group 1-15,text,true,,2725,151,20,20,https://example.com/checkout,919,0,41
1789034574675,195,Logout,200,OK,Thread Group 1-15,text,true,,1998,219,20,20,https://example.com/logout,136,0,19
1789034575000,586,Login,200,OK,Thread Group 1-16,text,true,,1308,202,20,20,https://example.com/login,410,0,32
1789034575135,516,Search Products,200,OK,Thread Group 1-16,text,true,,1253,200,20,20,https://example.com/search-products,361,0,21
1789034575270,394,View Product,200,OK,Thread Group 1-16,text,true,,1241,131,20,20,https://example.com/view-product,276,0,34
1789034575405,510,Add to Cart,200,OK,Thread Group 1-16,text,true,,2155,155,20,20,https://example.com/add-to-cart,357,0,11
1789034575540,1068,Checkout,200,OK,Thread Group 1-16,text,true,,1833,214,20,20,https://example.com/checkout,748,0,29
1789034575675,304,Logout,200,OK,Thread Group 1-16,text,true,,818,161,20,20,https://example.com/logout,213,0,37
1789034576000,535,Login,200,OK,Thread Group 1-17,text,true,,2692,102,20,20,https://example.com/login,374,0,11
1789034576135,919,Search Products,200,OK,Thread Group 1-17,text,true,,2766,216,20,20,https://example.com/search-products,643,0,20
1789034576270,574,View Product,200,OK,Thread Group 1-17,text,true,,1207,143,20,20,https://example.com/view-product,402,0,16
1789034576405,602,Add to Cart,200,OK,Thread Group 1-17,text,true,,2729,231,20,20,https://example.com/add-to-cart,421,0,31
1789034576540,1163,Checkout,200,OK,Thread Group 1-17,text,true,,1155,104,20,20,https://example.com/checkout,814,0,11
1789034576675,212,Logout,200,OK,Thread Group 1-17,text,true,,815,212,20,20,https://example.com/logout,148,0,40
1789034577000,678,Login,200,OK,Thread Group 1-18,text,true,,2316,152,20,20,https://example.com/login,475,0,43
1789034577135,554,Search Products,200,OK,Thread Group 1-18,text,true,,1658,197,20,20,https://example.com/search-products,388,0,44
1789034577270,1001,View Product,200,OK,Thread Group 1-18,text,true,,1240,162,20,20,https://example.com/view-product,701,0,44
1789034577405,507,Add to Cart,200,OK,Thread Group 1-18,text,true,,1366,159,20,20,https://example.com/add-to-cart,355,0,43
1789034577540,1328,Checkout,200,OK,Thread Group 1-18,text,true,,1434,101,20,20,https://example.com/checkout,930,0,39
1789034577675,254,Logout,200,OK,Thread Group 1-18,text,true,,1465,110,20,20,https://example.com/logout,178,0,12
1789034578000,232,Login,200,OK,Thread Group 1-19,text,true,,1412,87,20,20,https://example.com/login,162,0,30
1789034578135,754,Search Products,200,OK,Thread Group 1-19,text,true,,974,150,20,20,https://example.com/search-products,528,0,34
1789034578270,481,View Product,200,OK,Thread Group 1-19,text,true,,1657,160,20,20,https://example.com/view-product,337,0,21
1789034578405,339,Add to Cart,200,OK,Thread Group 1-19,text,true,,744,88,20,20,https://example.com/add-to-cart,237,0,37
1789034578540,1022,Checkout,200,OK,Thread Group 1-19,text,true,,1646,146,20,20,https://example.com/checkout,715,0,12
1789034578675,208,Logout,200,OK,Thread Group 1-19,text,true,,825,188,20,20,https://example.com/logout,146,0,14
1789034579000,365,Login,200,OK,Thread Group 1-20,text,true,,2877,196,20,20,https://example.com/login,255,0,15
1789034579135,532,Search Products,200,OK,Thread Group 1-20,text,true,,2527,134,20,20,https://example.com/search-products,372,0,32
1789034579270,484,View Product,200,OK,Thread Group 1-20,text,true,,2707,148,20,20,https://example.com/view-product,339,0,37
1789034579405,508,Add to Cart,200,OK,Thread Group 1-20,text,true,,745,222,20,20,https://example.com/add-to-cart,356,0,35
1789034579540,996,Checkout,200,OK,Thread Group 1-20,text,true,,2818,189,20,20,https://example.com/checkout,697,0,31
1789034579675,282,Logout,200,OK,Thread Group 1-20,text,true,,2435,222,20,20,https://example.com/logout,197,0,34
1789034580000,368,Login,200,OK,Thread Group 1-1,text,true,,1392,224,20,20,https://example.com/login,258,0,10
1789034580135,797,Search Products,200,OK,Thread Group 1-1,text,true,,2425,81,20,20,https://example.com/search-products,558,0,27
1789034580270,588,View Product,200,OK,Thread Group 1-1,text,true,,2688,103,20,20,https://example.com/view-product,412,0,25
1789034580405,720,Add to Cart,200,OK,Thread Group 1-1,text,true,,927,157,20,20,https://example.com/add-to-cart,504,0,31
1789034580540,820,Checkout,200,OK,Thread Group 1-1,text,true,,2376,175,20,20,https://example.com/checkout,574,0,46
1789034580675,390,Logout,200,OK,Thread Group 1-1,text,true,,2122,103,20,20,https://example.com/logout,273,0,36
1789034581000,497,Login,200,OK,Thread Group 1-2,text,true,,707,143,20,20,https://example.com/login,348,0,46
1789034581135,729,Search Products,200,OK,Thread Group 1-2,text,true,,2988,156,20,20,https://example.com/search-products,510,0,45
1789034581270,382,View Product,200,OK,Thread Group 1-2,text,true,,1037,213,20,20,https://example.com/view-product,267,0,15
1789034581405,501,Add to Cart,200,OK,Thread Group 1-2,text,true,,1859,82,20,20,https://example.com/add-to-cart,351,0,30
1789034581540,1046,Checkout,200,OK,Thread Group 1-2,text,true,,2550,170,20,20,https://example.com/checkout,732,0,17
1789034581675,255,Logout,200,OK,Thread Group 1-2,text,true,,2206,125,20,20,https://example.com/logout,178,0,30
1789034582000,257,Login,200,OK,Thread Group 1-3,text,true,,1738,192,20,20,https://example.com/login,180,0,22
1789034582135,388,Search Products,200,OK,Thread Group 1-3,text,true,,1866,198,20,20,https://example.com/search-products,272,0,28
1789034582270,393,View Product,200,OK,Thread Group 1-3,text,true,,1510,237,20,20,https://example.com/view-product,275,0,17
1789034582405,1091,Add to Cart,200,OK,Thread Group 1-3,text,true,,2107,177,20,20,https://example.com/add-to-cart,764,0,36
1789034582540,801,Checkout,200,OK,Thread Group 1-3,text,true,,1475,113,20,20,https://example.com/checkout,561,0,11
1789034582675,171,Logout,200,OK,Thread Group 1-3,text,true,,904,93,20,20,https://example.com/logout,120,0,12
1789034583000,904,Login,200,OK,Thread Group 1-4,text,true,,1515,228,20,20,https://example.com/login,633,0,19
1789034583135,432,Search Products,200,OK,Thread Group 1-4,text,true,,2018,147,20,20,https://example.com/search-products,302,0,15
1789034583270,304,View Product,200,OK,Thread Group 1-4,text,true,,2502,228,20,20,https://example.com/view-product,213,0,50
1789034583405,782,Add to Cart,200,OK,Thread Group 1-4,text,true,,779,225,20,20,https://example.com/add-to-cart,547,0,42
1789034583540,537,Checkout,200,OK,Thread Group 1-4,text,true,,1684,132,20,20,https://example.com/checkout,376,0,26
1789034583675,348,Logout,200,OK,Thread Group 1-4,text,true,,1425,107,20,20,https://example.com/logout,244,0,23
1789034584000,231,Login,200,OK,Thread Group 1-5,text,true,,1195,199,20,20,https://example.com/login,162,0,44
1789034584135,515,Search Products,200,OK,Thread Group 1-5,text,true,,2917,144,20,20,https://example.com/search-products,360,0,21
1789034584270,383,View Product,200,OK,Thread Group 1-5,text,true,,1874,203,20,20,https://example.com/view-product,268,0,45
1789034584405,919,Add to Cart,200,OK,Thread Group 1-5,text,true,,2548,163,20,20,https://example.com/add-to-cart,643,0,17
1789034584540,757,Checkout,200,OK,Thread Group 1-5,text,true,,1944,86,20,20,https://example.com/checkout,530,0,47
1789034584675,220,Logout,200,OK,Thread Group 1-5,text,true,,2351,239,20,20,https://example.com/logout,154,0,44
1789034585000,285,Login,200,OK,Thread Group 1-6,text,true,,1311,212,20,20,https://example.com/login,200,0,21
1789034585135,603,Search Products,200,OK,Thread Group 1-6,text,true,,2356,129,20,20,https://example.com/search-products,422,0,50
1789034585270,378,View Product,200,OK,Thread Group 1-6,text,true,,1965,80,20,20,https://example.com/view-product,265,0,21
1789034585405,1241,Add to Cart,200,OK,Thread Group 1-6,text,true,,1032,210,20,20,https://example.com/add-to-cart,869,0,41
1789034585540,854,Checkout,200,OK,Thread Group 1-6,text,true,,2019,83,20,20,https://example.com/checkout,598,0,24
1789034585675,155,Logout,200,OK,Thread Group 1-6,text,true,,2521,121,20,20,https://example.com/logout,108,0,48
1789034586000,421,Login,200,OK,Thread Group 1-7,text,true,,2162,168,20,20,https://example.com/login,295,0,37
1789034586135,419,Search Products,200,OK,Thread Group 1-7,text,true,,1744,222,20,20,https://example.com/search-products,293,0,23
1789034586270,738,View Product,200,OK,Thread Group 1-7,text,true,,1237,218,20,20,https://example.com/view-product,517,0,40
1789034586405,615,Add to Cart,200,OK,Thread Group 1-7,text,true,,1880,89,20,20,https://example.com/add-to-cart,430,0,24
1789034586540,1891,Checkout,200,OK,Thread Group 1-7,text,true,,2115,232,20,20,https://example.com/checkout,1324,0,28
1789034586675,342,Logout,200,OK,Thread Group 1-7,text,true,,2961,105,20,20,https://example.com/logout,239,0,16
1789034587000,540,Login,200,OK,Thread Group 1-8,text,true,,1298,173,20,20,https://example.com/login,378,0,12
1789034587135,535,Search Products,200,OK,Thread Group 1-8,text,true,,1487,164,20,20,https://example.com/search-products,374,0,19
1789034587270,310,View Product,200,OK,Thread Group 1-8,text,true,,707,115,20,20,https://example.com/view-product,217,0,22
1789034587405,766,Add to Cart,200,OK,Thread Group 1-8,text,true,,1698,160,20,20,https://example.com/add-to-cart,536,0,37
1789034587540,853,Checkout,200,OK,Thread Group 1-8,text,true,,2769,134,20,20,https://example.com/checkout,597,0,16
1789034587675,329,Logout,200,OK,Thread Group 1-8,text,true,,1887,170,20,20,https://example.com/logout,230,0,24
1789034588000,288,Login,200,OK,Thread Group 1-9,text,true,,1429,98,20,20,https://example.com/login,202,0,32
1789034588135,1128,Search Products,200,OK,Thread Group 1-9,text,true,,2911,81,20,20,https://example.com/search-products,790,0,50
1789034588270,357,View Product,200,OK,Thread Group 1-9,text,true,,2146,186,20,20,https://example.com/view-product,250,0,48
1789034588405,560,Add to Cart,200,OK,Thread Group 1-9,text,true,,1973,182,20,20,https://example.com/add-to-cart,392,0,24
1789034588540,1403,Checkout,200,OK,Thread Group 1-9,text,true,,1558,193,20,20,https://example.com/checkout,982,0,12
1789034588675,532,Logout,200,OK,Thread Group 1-9,text,true,,1973,171,20,20,https://example.com/logout,372,0,27
1789034589000,391,Login,200,OK,Thread Group 1-10,text,true,,939,205,20,20,https://example.com/login,274,0,43
1789034589135,1256,Search Products,200,OK,Thread Group 1-10,text,true,,1928,165,20,20,https://example.com/search-products,879,0,14
1789034589270,264,View Product,200,OK,Thread Group 1-10,text,true,,1302,179,20,20,https://example.com/view-product,185,0,15
1789034589405,713,Add to Cart,200,OK,Thread Group 1-10,text,true,,907,109,20,20,https://example.com/add-to-cart,499,0,45
1789034589540,536,Checkout,200,OK,Thread Group 1-10,text,true,,1942,239,20,20,https://example.com/checkout,375,0,34
1789034589675,238,Logout,200,OK,Thread Group 1-10,text,true,,2859,231,20,20,https://example.com/logout,167,0,32
1789034590000,218,Login,200,OK,Thread Group 1-11,text,true,,2231,122,20,20,https://example.com/login,153,0,26
1789034590135,398,Search Products,200,OK,Thread Group 1-11,text,true,,2395,108,20,20,https://example.com/search-products,279,0,31
1789034590270,493,View Product,200,OK,Thread Group 1-11,text,true,,1954,195,20,20,https://example.com/view-product,345,0,40
1789034590405,914,Add to Cart,200,OK,Thread Group 1-11,text,true,,2719,189,20,20,https://example.com/add-to-cart,640,0,28
1789034590540,1544,Checkout,200,OK,Thread Group 1-11,text,true,,1369,172,20,20,https://example.com/checkout,1081,0,24
1789034590675,203,Logout,200,OK,Thread Group 1-11,text,true,,2955,80,20,20,https://example.com/logout,142,0,45
1789034591000,287,Login,200,OK,Thread Group 1-12,text,true,,2267,146,20,20,https://example.com/login,201,0,15
1789034591135,418,Search Products,200,OK,Thread Group 1-12,text,true,,2820,180,20,20,https://example.com/search-products,293,0,13
1789034591270,560,View Product,200,OK,Thread Group 1-12,text,true,,1454,197,20,20,https://example.com/view-product,392,0,39
1789034591405,739,Add to Cart,200,OK,Thread Group 1-12,text,true,,1919,160,20,20,https://example.com/add-to-cart,517,0,25
1789034591540,1003,Checkout,200,OK,Thread Group 1-12,text,true,,2934,132,20,20,https://example.com/checkout,702,0,20
1789034591675,208,Logout,200,OK,Thread Group 1-12,text,true,,1877,89,20,20,https://example.com/logout,146,0,39
1789034592000,576,Login,200,OK,Thread Group 1-13,text,true,,1141,202,20,20,https://example.com/login,403,0,13
1789034592135,793,Search Products,200,OK,Thread Group 1-13,text,true,,1121,106,20,20,https://example.com/search-products,555,0,34
1789034592270,709,View Product,200,OK,Thread Group 1-13,text,true,,1954,180,20,20,https://example.com/view-product,496,0,11
1789034592405,1078,Add to Cart,200,OK,Thread Group 1-13,text,true,,1494,158,20,20,https://example.com/add-to-cart,755,0,37
1789034592540,1329,Checkout,200,OK,Thread Group 1-13,text,true,,2715,150,20,20,https://example.com/checkout,930,0,43
1789034592675,280,Logout,200,OK,Thread Group 1-13,text,true,,1059,172,20,20,https://example.com/logout,196,0,47
1789034593000,318,Login,200,OK,Thread Group 1-14,text,true,,1430,223,20,20,https://example.com/login,223,0,25
1789034593135,1047,Search Products,200,OK,Thread Group 1-14,text,true,,779,116,20,20,https://example.com/search-products,733,0,18
1789034593270,488,View Product,200,OK,Thread Group 1-14,text,true,,1194,114,20,20,https://example.com/view-product,342,0,42
1789034593405,436,Add to Cart,200,OK,Thread Group 1-14,text,true,,2291,167,20,20,https://example.com/add-to-cart,305,0,43
1789034593540,975,Checkout,200,OK,Thread Group 1-14,text,true,,973,197,20,20,https://example.com/checkout,682,0,29
1789034593675,157,Logout,200,OK,Thread Group 1-14,text,true,,833,171,20,20,https://example.com/logout,110,0,24
1789034594000,355,Login,200,OK,Thread Group 1-15,text,true,,2976,192,20,20,https://example.com/login,248,0,48
1789034594135,948,Search Products,200,OK,Thread Group 1-15,text,true,,1230,137,20,20,https://example.com/search-products,664,0,45
1789034594270,547,View Product,200,OK,Thread Group 1-15,text,true,,2019,194,20,20,https://example.com/view-product,383,0,27
1789034594405,737,Add to Cart,200,OK,Thread Group 1-15,text,true,,2705,126,20,20,https://example.com/add-to-cart,516,0,17
1789034594540,560,Checkout,200,OK,Thread Group 1-15,text,true,,1473,217,20,20,https://example.com/checkout,392,0,18
1789034594675,322,Logout,200,OK,Thread Group 1-15,text,true,,2846,152,20,20,https://example.com/logout,225,0,27
1789034595000,268,Login,200,OK,Thread Group 1-16,text,true,,2803,210,20,20,https://example.com/login,188,0,45
1789034595135,318,Search Products,200,OK,Thread Group 1-16,text,true,,1301,121,20,20,https://example.com/search-products,223,0,19
1789034595270,358,View Product,200,OK,Thread Group 1-16,text,true,,2502,188,20,20,https://example.com/view-product,251,0,38
1789034595405,641,Add to Cart,200,OK,Thread Group 1-16,text,true,,2528,85,20,20,https://example.com/add-to-cart,449,0,48
1789034595540,765,Checkout,200,OK,Thread Group 1-16,text,true,,812,157,20,20,https://example.com/checkout,536,0,21
1789034595675,223,Logout,200,OK,Thread Group 1-16,text,true,,1500,220,20,20,https://example.com/logout,156,0,42
1789034596000,530,Login,200,OK,Thread Group 1-17,text,true,,2734,221,20,20,https://example.com/login,371,0,29
1789034596135,639,Search Products,200,OK,Thread Group 1-17,text,true,,2999,167,20,20,https://example.com/search-products,447,0,44
1789034596270,315,View Product,200,OK,Thread Group 1-17,text,true,,919,223,20,20,https://example.com/view-product,220,0,25
1789034596405,869,Add to Cart,200,OK,Thread Group 1-17,text,true,,2293,185,20,20,https://example.com/add-to-cart,608,0,49
1789034596540,625,Checkout,200,OK,Thread Group 1-17,text,true,,881,80,20,20,https://example.com/checkout,438,0,16
1789034596675,263,Logout,200,OK,Thread Group 1-17,text,true,,2928,126,20,20,https://example.com/logout,184,0,44
1789034597000,308,Login,200,OK,Thread Group 1-18,text,true,,1941,146,20,20,https://example.com/login,216,0,41
1789034597135,1090,Search Products,200,OK,Thread Group 1-18,text,true,,2480,88,20,20,https://example.com/search-products,763,0,35
1789034597270,612,View Product,200,OK,Thread Group 1-18,text,true,,2095,175,20,20,https://example.com/view-product,428,0,18
1789034597405,604,Add to Cart,200,OK,Thread Group 1-18,text,true,,2143,95,20,20,https://example.com/add-to-cart,423,0,23
1789034597540,1017,Checkout,200,OK,Thread Group 1-18,text,true,,2323,103,20,20,https://example.com/checkout,712,0,42
1789034597675,250,Logout,200,OK,Thread Group 1-18,text,true,,1522,170,20,20,https://example.com/logout,175,0,32
1789034598000,360,Login,200,OK,Thread Group 1-19,text,true,,2349,174,20,20,https://example.com/login,252,0,46
1789034598135,727,Search Products,200,OK,Thread Group 1-19,text,true,,1220,96,20,20,https://example.com/search-products,509,0,49
1789034598270,392,View Product,200,OK,Thread Group 1-19,text,true,,1269,130,20,20,https://example.com/view-product,274,0,34
1789034598405,487,Add to Cart,200,OK,Thread Group 1-19,text,true,,1943,205,20,20,https://example.com/add-to-cart,341,0,38
1789034598540,828,Checkout,200,OK,Thread Group 1-19,text,true,,2434,184,20,20,https://example.com/checkout,580,0,38
1789034598675,275,Logout,200,OK,Thread Group 1-19,text,true,,807,104,20,20,https://example.com/logout,192,0,34
1789034599000,273,Login,200,OK,Thread Group 1-20,text,true,,2014,151,20,20,https://example.com/login,191,0,42
1789034599135,682,Search Products,200,OK,Thread Group 1-20,text,true,,1208,91,20,20,https://example.com/search-products,477,0,25
1789034599270,331,View Product,200,OK,Thread Group 1-20,text,true,,1815,170,20,20,https://example.com/view-product,232,0,13
1789034599405,494,Add to Cart,200,OK,Thread Group 1-20,text,true,,2137,188,20,20,https://example.com/add-to-cart,346,0,45
1789034599540,892,Checkout,200,OK,Thread Group 1-20,text,true,,2791,133,20,20,https://example.com/checkout,624,0,37
1789034599675,228,Logout,200,OK,Thread Group 1-20,text,true,,2913,160,20,20,https://example.com/logout,160,0,35
1789034600000,538,Login,200,OK,Thread Group 1-1,text,true,,1039,121,20,20,https://example.com/login,377,0,38
1789034600135,498,Search Products,200,OK,Thread Group 1-1,text,true,,2140,237,20,20,https://example.com/search-products,349,0,45
1789034600270,473,View Product,200,OK,Thread Group 1-1,text,true,,2019,112,20,20,https://example.com/view-product,331,0,39
1789034600405,838,Add to Cart,200,OK,Thread Group 1-1,text,true,,1675,232,20,20,https://example.com/add-to-cart,587,0,35
1789034600540,945,Checkout,200,OK,Thread Group 1-1,text,true,,2646,193,20,20,https://example.com/checkout,662,0,16
1789034600675,323,Logout,200,OK,Thread Group 1-1,text,true,,1448,221,20,20,https://example.com/logout,226,0,39
1789034601000,356,Login,200,OK,Thread Group 1-2,text,true,,901,226,20,20,https://example.com/login,249,0,13
1789034601135,689,Search Products,200,OK,Thread Group 1-2,text,true,,2215,136,20,20,https://example.com/search-products,482,0,15
1789034601270,292,View Product,200,OK,Thread Group 1-2,text,true,,1917,143,20,20,https://example.com/view-product,204,0,19
1789034601405,1315,Add to Cart,200,OK,Thread Group 1-2,text,true,,2911,193,20,20,https://example.com/add-to-cart,920,0,47
1789034601540,1085,Checkout,200,OK,Thread Group 1-2,text,true,,1059,123,20,20,https://example.com/checkout,760,0,47
1789034601675,252,Logout,200,OK,Thread Group 1-2,text,true,,2850,224,20,20,https://example.com/logout,176,0,44
1789034602000,375,Login,200,OK,Thread Group 1-3,text,true,,1583,185,20,20,https://example.com/login,262,0,43
1789034602135,655,Search Products,200,OK,Thread Group 1-3,text,true,,979,187,20,20,https://example.com/search-products,458,0,40
1789034602270,706,View Product,200,OK,Thread Group 1-3,text,true,,1265,116,20,20,https://example.com/view-product,494,0,32
1789034602405,774,Add to Cart,200,OK,Thread Group 1-3,text,true,,1023,87,20,20,https://example.com/add-to-cart,542,0,35
1789034602540,1176,Checkout,200,OK,Thread Group 1-3,text,true,,1582,105,20,20,https://example.com/checkout,823,0,38
1789034602675,171,Logout,200,OK,Thread Group 1-3,text,true,,721,238,20,20,https://example.com/logout,120,0,34
1789034603000,406,Login,200,OK,Thread Group 1-4,text,true,,1742,82,20,20,https://example.com/login,284,0,20
1789034603135,337,Search Products,200,OK,Thread Group 1-4,text,true,,2088,240,20,20,https://example.com/search-products,236,0,49
1789034603270,570,View Product,200,OK,Thread Group 1-4,text,true,,1879,85,20,20,https://example.com/view-product,399,0,22
1789034603405,814,Add to Cart,200,OK,Thread Group 1-4,text,true,,1618,140,20,20,https://example.com/add-to-cart,570,0,34
1789034603540,1148,Checkout,200,OK,Thread Group 1-4,text,true,,2097,132,20,20,https://example.com/checkout,804,0,30
1789034603675,215,Logout,200,OK,Thread Group 1-4,text,true,,1102,107,20,20,https://example.com/logout,150,0,23
1789034604000,391,Login,200,OK,Thread Group 1-5,text,true,,1712,187,20,20,https://example.com/login,274,0,12
1789034604135,665,Search Products,200,OK,Thread Group 1-5,text,true,,789,125,20,20,https://example.com/search-products,465,0,26
1789034604270,606,View Product,200,OK,Thread Group 1-5,text,true,,1911,204,20,20,https://example.com/view-product,424,0,45
1789034604405,796,Add to Cart,200,OK,Thread Group 1-5,text,true,,1959,141,20,20,https://example.com/add-to-cart,557,0,36
1789034604540,1330,Checkout,200,OK,Thread Group 1-5,text,true,,1008,134,20,20,https://example.com/checkout,931,0,11
1789034604675,266,Logout,200,OK,Thread Group 1-5,text,true,,2128,230,20,20,https://example.com/logout,186,0,27
1789034605000,434,Login,200,OK,Thread Group 1-6,text,true,,2005,220,20,20,https://example.com/login,304,0,14
1789034605135,572,Search Products,200,OK,Thread Group 1-6,text,true,,2144,193,20,20,https://example.com/search-products,400,0,37
1789034605270,568,View Product,200,OK,Thread Group 1-6,text,true,,1387,226,20,20,https://example.com/view-product,398,0,44
1789034605405,354,Add to Cart,200,OK,Thread Group 1-6,text,true,,1822,167,20,20,https://example.com/add-to-cart,248,0,42
1789034605540,914,Checkout,200,OK,Thread Group 1-6,text,true,,2021,199,20,20,https://example.com/checkout,640,0,21
1789034605675,203,Logout,200,OK,Thread Group 1-6,text,true,,954,208,20,20,https://example.com/logout,142,0,11
1789034606000,155,Login,200,OK,Thread Group 1-7,text,true,,1003,208,20,20,https://example.com/login,108,0,37
1789034606135,451,Search Products,200,OK,Thread Group 1-7,text,true,,2452,236,20,20,https://example.com/search-products,316,0,22
1789034606270,448,View Product,200,OK,Thread Group 1-7,text,true,,1284,234,20,20,https://example.com/view-product,314,0,39
1789034606405,612,Add to Cart,200,OK,Thread Group 1-7,text,true,,1321,147,20,20,https://example.com/add-to-cart,428,0,46
1789034606540,1273,Checkout,200,OK,Thread Group 1-7,text,true,,2883,159,20,20,https://example.com/checkout,891,0,31
1789034606675,335,Logout,200,OK,Thread Group 1-7,text,true,,1209,196,20,20,https://example.com/logout,234,0,15
1789034607000,511,Login,200,OK,Thread Group 1-8,text,true,,1356,115,20,20,https://example.com/login,358,0,35
1789034607135,414,Search Products,200,OK,Thread Group 1-8,text,true,,986,133,20,20,https://example.com/search-products,290,0,41
1789034607270,448,View Product,200,OK,Thread Group 1-8,text,true,,2386,98,20,20,https://example.com/view-product,314,0,48
1789034607405,478,Add to Cart,200,OK,Thread Group 1-8,text,true,,2731,90,20,20,https://example.com/add-to-cart,335,0,29
1789034607540,1092,Checkout,200,OK,Thread Group 1-8,text,true,,2896,232,20,20,https://example.com/checkout,764,0,44
1789034607675,165,Logout,200,OK,Thread Group 1-8,text,true,,2447,110,20,20,https://example.com/logout,115,0,31
1789034608000,334,Login,200,OK,Thread Group 1-9,text,true,,1060,227,20,20,https://example.com/login,234,0,39
1789034608135,680,Search Products,200,OK,Thread Group 1-9,text,true,,989,196,20,20,https://example.com/search-products,476,0,50
1789034608270,320,View Product,200,OK,Thread Group 1-9,text,true,,1801,197,20,20,https://example.com/view-product,224,0,25
1789034608405,688,Add to Cart,200,OK,Thread Group 1-9,text,true,,2231,229,20,20,https://example.com/add-to-cart,482,0,17
1789034608540,959,Checkout,200,OK,Thread Group 1-9,text,true,,903,133,20,20,https://example.com/checkout,671,0,40
1789034608675,187,Logout,200,OK,Thread Group 1-9,text,true,,2187,165,20,20,https://example.com/logout,131,0,48
1789034609000,379,Login,200,OK,Thread Group 1-10,text,true,,1929,240,20,20,https://example.com/login,265,0,12
1789034609135,661,Search Products,200,OK,Thread Group 1-10,text,true,,905,147,20,20,https://example.com/search-products,463,0,48
1789034609270,656,View Product,200,OK,Thread Group 1-10,text,true,,2117,192,20,20,https://example.com/view-product,459,0,22
1789034609405,1458,Add to Cart,200,OK,Thread Group 1-10,text,true,,2498,143,20,20,https://example.com/add-to-cart,1021,0,44
1789034609540,662,Checkout,200,OK,Thread Group 1-10,text,true,,1332,139,20,20,https://example.com/checkout,463,0,13
1789034609675,252,Logout,200,OK,Thread Group 1-10,text,true,,1673,99,20,20,https://example.com/logout,176,0,16
1789034610000,341,Login,200,OK,Thread Group 1-11,text,true,,2068,136,20,20,https://example.com/login,239,0,38
1789034610135,514,Search Products,200,OK,Thread Group 1-11,text,true,,1223,230,20,20,https://example.com/search-products,360,0,36
1789034610270,686,View Product,200,OK,Thread Group 1-11,text,true,,1002,168,20,20,https://example.com/view-product,480,0,34
1789034610405,881,Add to Cart,200,OK,Thread Group 1-11,text,true,,774,176,20,20,https://example.com/add-to-cart,617,0,28
1789034610540,1114,Checkout,200,OK,Thread Group 1-11,text,true,,2629,110,20,20,https://example.com/checkout,780,0,47
1789034610675,272,Logout,200,OK,Thread Group 1-11,text,true,,864,169,20,20,https://example.com/logout,190,0,25
1789034611000,339,Login,200,OK,Thread Group 1-12,text,true,,1866,227,20,20,https://example.com/login,237,0,50
1789034611135,341,Search Products,200,OK,Thread Group 1-12,text,true,,762,92,20,20,https://example.com/search-products,239,0,21
1789034611270,606,View Product,200,OK,Thread Group 1-12,text,true,,2962,119,20,20,https://example.com/view-product,424,0,12
1789034611405,658,Add to Cart,200,OK,Thread Group 1-12,text,true,,2479,218,20,20,https://example.com/add-to-cart,461,0,23
1789034611540,831,Checkout,200,OK,Thread Group 1-12,text,true,,1020,82,20,20,https://example.com/checkout,582,0,11
1789034611675,207,Logout,200,OK,Thread Group 1-12,text,true,,948,161,20,20,https://example.com/logout,145,0,32
1789034612000,208,Login,200,OK,Thread Group 1-13,text,true,,1741,90,20,20,https://example.com/login,146,0,40
1789034612135,526,Search Products,200,OK,Thread Group 1-13,text,true,,717,157,20,20,https://example.com/search-products,368,0,29
1789034612270,352,View Product,200,OK,Thread Group 1-13,text,true,,2539,111,20,20,https://example.com/view-product,246,0,10
1789034612405,897,Add to Cart,200,OK,Thread Group 1-13,text,true,,1395,98,20,20,https://example.com/add-to-cart,628,0,40
1789034612540,1401,Checkout,200,OK,Thread Group 1-13,text,true,,1509,190,20,20,https://example.com/checkout,981,0,11
1789034612675,293,Logout,200,OK,Thread Group 1-13,text,true,,2176,209,20,20,https://example.com/logout,205,0,44
1789034613000,389,Login,200,OK,Thread Group 1-14,text,true,,1126,121,20,20,https://example.com/login,272,0,24
1789034613135,713,Search Products,200,OK,Thread Group 1-14,text,true,,1022,83,20,20,https://example.com/search-products,499,0,38
1789034613270,246,View Product,200,OK,Thread Group 1-14,text,true,,1987,104,20,20,https://example.com/view-product,172,0,34
1789034613405,972,Add to Cart,200,OK,Thread Group 1-14,text,true,,2075,233,20,20,https://example.com/add-to-cart,680,0,17
1789034613540,581,Checkout,200,OK,Thread Group 1-14,text,true,,2008,125,20,20,https://example.com/checkout,407,0,22
1789034613675,99,Logout,200,OK,Thread Group 1-14,text,true,,1084,190,20,20,https://example.com/logout,69,0,16
1789034614000,442,Login,200,OK,Thread Group 1-15,text,true,,1275,215,20,20,https://example.com/login,309,0,45
1789034614135,412,Search Products,200,OK,Thread Group 1-15,text,true,,2741,97,20,20,https://example.com/search-products,288,0,30
1789034614270,381,View Product,200,OK,Thread Group 1-15,text,true,,1063,142,20,20,https://example.com/view-product,267,0,20
1789034614405,622,Add to Cart,200,OK,Thread Group 1-15,text,true,,2806,159,20,20,https://example.com/add-to-cart,435,0,19
1789034614540,1063,Checkout,200,OK,Thread Group 1-15,text,true,,2938,187,20,20,https://example.com/checkout,744,0,17
1789034614675,322,Logout,200,OK,Thread Group 1-15,text,true,,707,137,20,20,https://example.com/logout,225,0,25
1789034615000,491,Login,200,OK,Thread Group 1-16,text,true,,2643,206,20,20,https://example.com/login,344,0,36
1789034615135,624,Search Products,200,OK,Thread Group 1-16,text,true,,1210,98,20,20,https://example.com/search-products,437,0,21
1789034615270,451,View Product,200,OK,Thread Group 1-16,text,true,,1876,161,20,20,https://example.com/view-product,316,0,49
1789034615405,756,Add to Cart,200,OK,Thread Group 1-16,text,true,,1095,186,20,20,https://example.com/add-to-cart,529,0,27
1789034615540,735,Checkout,200,OK,Thread Group 1-16,text,true,,2503,203,20,20,https://example.com/checkout,514,0,12
1789034615675,227,Logout,200,OK,Thread Group 1-16,text,true,,746,209,20,20,https://example.com/logout,159,0,46
1789034616000,803,Login,200,OK,Thread Group 1-17,text,true,,1804,134,20,20,https://example.com/login,562,0,25
1789034616135,805,Search Products,200,OK,Thread Group 1-17,text,true,,1992,231,20,20,https://example.com/search-products,564,0,29
1789034616270,400,View Product,200,OK,Thread Group 1-17,text,true,,2420,160,20,20,https://example.com/view-product,280,0,14
1789034616405,364,Add to Cart,200,OK,Thread Group 1-17,text,true,,933,184,20,20,https://example.com/add-to-cart,255,0,15
1789034616540,1019,Checkout,200,OK,Thread Group 1-17,text,true,,1311,103,20,20,https://example.com/checkout,713,0,18
1789034616675,149,Logout,200,OK,Thread Group 1-17,text,true,,1976,236,20,20,https://example.com/logout,104,0,14
1789034617000,523,Login,200,OK,Thread Group 1-18,text,true,,789,171,20,20,https://example.com/login,366,0,14
1789034617135,1023,Search Products,200,OK,Thread Group 1-18,text,true,,2666,158,20,20,https://example.com/search-products,716,0,29
1789034617270,545,View Product,200,OK,Thread Group 1-18,text,true,,1670,235,20,20,https://example.com/view-product,382,0,15
1789034617405,791,Add to Cart,200,OK,Thread Group 1-18,text,true,,2164,136,20,20,https://example.com/add-to-cart,554,0,41
1789034617540,747,Checkout,200,OK,Thread Group 1-18,text,true,,1775,230,20,20,https://example.com/checkout,523,0,45
1789034617675,210,Logout,200,OK,Thread Group 1-18,text,true,,1044,137,20,20,https://example.com/logout,147,0,29
1789034618000,392,Login,200,OK,Thread Group 1-19,text,true,,2294,228,20,20,https://example.com/login,274,0,47
1789034618135,537,Search Products,200,OK,Thread Group 1-19,text,true,,1881,93,20,20,https://example.com/search-products,376,0,30
1789034618270,414,View Product,200,OK,Thread Group 1-19,text,true,,2614,201,20,20,https://example.com/view-product,290,0,19
1789034618405,1141,Add to Cart,200,OK,Thread Group 1-19,text,true,,1841,205,20,20,https://example.com/add-to-cart,799,0,11
1789034618540,694,Checkout,200,OK,Thread Group 1-19,text,true,,2655,169,20,20,https://example.com/checkout,486,0,45
1789034618675,203,Logout,200,OK,Thread Group 1-19,text,true,,2441,124,20,20,https://example.com/logout,142,0,11
1789034619000,281,Login,200,OK,Thread Group 1-20,text,true,,1342,122,20,20,https://example.com/login,197,0,26
1789034619135,789,Search Products,200,OK,Thread Group 1-20,text,true,,1572,106,20,20,https://example.com/search-products,552,0,12
1789034619270,434,View Product,200,OK,Thread Group 1-20,text,true,,2365,146,20,20,https://example.com/view-product,304,0,11
1789034619405,825,Add to Cart,200,OK,Thread Group 1-20,text,true,,1522,108,20,20,https://example.com/add-to-cart,578,0,19
1789034619540,1054,Checkout,200,OK,Thread Group 1-20,text,true,,2689,156,20,20,https://example.com/checkout,738,0,15
1789034619675,233,Logout,200,OK,Thread Group 1-20,text,true,,1016,146,20,20,https://example.com/logout,163,0,48
1789034620000,417,Login,200,OK,Thread Group 1-1,text,true,,1465,169,20,20,https://example.com/login,292,0,30
1789034620135,678,Search Products,200,OK,Thread Group 1-1,text,true,,918,130,20,20,https://example.com/search-products,475,0,14
1789034620270,348,View Product,200,OK,Thread Group 1-1,text,true,,1209,165,20,20,https://example.com/view-product,244,0,35
1789034620405,718,Add to Cart,200,OK,Thread Group 1-1,text,true,,1147,205,20,20,https://example.com/add-to-cart,503,0,29
1789034620540,1332,Checkout,200,OK,Thread Group 1-1,text,true,,1238,121,20,20,https://example.com/checkout,932,0,31
1789034620675,282,Logout,200,OK,Thread Group 1-1,text,true,,704,201,20,20,https://example.com/logout,197,0,47
1789034621000,567,Login,200,OK,Thread Group 1-2,text,true,,2880,208,20,20,https://example.com/login,397,0,46
1789034621135,514,Search Products,200,OK,Thread Group 1-2,text,true,,2650,94,20,20,https://example.com/search-products,360,0,12
1789034621270,412,View Product,200,OK,Thread Group 1-2,text,true,,1039,185,20,20,https://example.com/view-product,288,0,11
1789034621405,905,Add to Cart,200,OK,Thread Group 1-2,text,true,,2770,166,20,20,https://example.com/add-to-cart,634,0,47
1789034621540,769,Checkout,200,OK,Thread Group 1-2,text,true,,2360,190,20,20,https://example.com/checkout,538,0,23
1789034621675,175,Logout,200,OK,Thread Group 1-2,text,true,,2143,182,20,20,https://example.com/logout,122,0,30
1789034622000,475,Login,200,OK,Thread Group 1-3,text,true,,1901,228,20,20,https://example.com/login,332,0,48
1789034622135,499,Search Products,200,OK,Thread Group 1-3,text,true,,1779,106,20,20,https://example.com/search-products,349,0,13
1789034622270,348,View Product,200,OK,Thread Group 1-3,text,true,,2103,213,20,20,https://example.com/view-product,244,0,45
1789034622405,453,Add to Cart,200,OK,Thread Group 1-3,text,true,,2882,89,20,20,https://example.com/add-to-cart,317,0,34
1789034622540,947,Checkout,200,OK,Thread Group 1-3,text,true,,2721,144,20,20,https://example.com/checkout,663,0,29
1789034622675,182,Logout,200,OK,Thread Group 1-3,text,true,,1337,182,20,20,https://example.com/logout,127,0,42
1789034623000,458,Login,200,OK,Thread Group 1-4,text,true,,878,171,20,20,https://example.com/login,321,0,26
1789034623135,314,Search Products,200,OK,Thread Group 1-4,text,true,,1677,110,20,20,https://example.com/search-products,220,0,31
1789034623270,429,View Product,200,OK,Thread Group 1-4,text,true,,2091,131,20,20,https://example.com/view-product,300,0,47
1789034623405,744,Add to Cart,200,OK,Thread Group 1-4,text,true,,1007,125,20,20,https://example.com/add-to-cart,521,0,18
1789034623540,1201,Checkout,200,OK,Thread Group 1-4,text,true,,2485,90,20,20,https://example.com/checkout,841,0,16
1789034623675,327,Logout,200,OK,Thread Group 1-4,text,true,,726,181,20,20,https://example.com/logout,229,0,50
1789034624000,490,Login,200,OK,Thread Group 1-5,text,true,,2458,162,20,20,https://example.com/login,343,0,22
1789034624135,919,Search Products,200,OK,Thread Group 1-5,text,true,,1184,128,20,20,https://example.com/search-products,643,0,39
1789034624270,443,View Product,200,OK,Thread Group 1-5,text,true,,1600,209,20,20,https://example.com/view-product,310,0,13
1789034624405,517,Add to Cart,200,OK,Thread Group 1-5,text,true,,2740,134,20,20,https://example.com/add-to-cart,362,0,21
1789034624540,1081,Checkout,200,OK,Thread Group 1-5,text,true,,813,142,20,20,https://example.com/checkout,757,0,11
1789034624675,306,Logout,200,OK,Thread Group 1-5,text,true,,896,219,20,20,https://example.com/logout,214,0,38
1789034625000,485,Login,200,OK,Thread Group 1-6,text,true,,2376,158,20,20,https://example.com/login,340,0,11
1789034625135,865,Search Products,200,OK,Thread Group 1-6,text,true,,1187,151,20,20,https://example.com/search-products,606,0,19
1789034625270,391,View Product,200,OK,Thread Group 1-6,text,true,,1147,211,20,20,https://example.com/view-product,274,0,30
1789034625405,831,Add to Cart,200,OK,Thread Group 1-6,text,true,,1520,175,20,20,https://example.com/add-to-cart,582,0,33
1789034625540,1077,Checkout,200,OK,Thread Group 1-6,text,true,,1520,87,20,20,https://example.com/checkout,754,0,21
1789034625675,138,Logout,200,OK,Thread Group 1-6,text,true,,2543,133,20,20,https://example.com/logout,97,0,38
1789034626000,526,Login,200,OK,Thread Group 1-7,text,true,,1172,236,20,20,https://example.com/login,368,0,48
1789034626135,512,Search Products,200,OK,Thread Group 1-7,text,true,,818,118,20,20,https://example.com/search-products,358,0,45
1789034626270,639,View Product,200,OK,Thread Group 1-7,text,true,,1112,127,20,20,https://example.com/view-product,447,0,50
1789034626405,534,Add to Cart,200,OK,Thread Group 1-7,text,true,,800,216,20,20,https://example.com/add-to-cart,374,0,45
1789034626540,1449,Checkout,200,OK,Thread Group 1-7,text,true,,2698,156,20,20,https://example.com/checkout,1014,0,22
1789034626675,399,Logout,200,OK,Thread Group 1-7,text,true,,2256,204,20,20,https://example.com/logout,279,0,36
1789034627000,623,Login,200,OK,Thread Group 1-8,text,true,,2034,85,20,20,https://example.com/login,436,0,37
1789034627135,675,Search Products,200,OK,Thread Group 1-8,text,true,,1772,205,20,20,https://example.com/search-products,472,0,19
1789034627270,261,View Product,200,OK,Thread Group 1-8,text,true,,2352,227,20,20,https://example.com/view-product,183,0,21
1789034627405,539,Add to Cart,200,OK,Thread Group 1-8,text,true,,1683,170,20,20,https://example.com/add-to-cart,377,0,13
1789034627540,1393,Checkout,200,OK,Thread Group 1-8,text,true,,2849,132,20,20,https://example.com/checkout,975,0,12
1789034627675,240,Logout,200,OK,Thread Group 1-8,text,true,,2435,230,20,20,https://example.com/logout,168,0,13
1789034628000,491,Login,200,OK,Thread Group 1-9,text,true,,1012,133,20,20,https://example.com/login,344,0,25
1789034628135,569,Search Products,200,OK,Thread Group 1-9,text,true,,1845,173,20,20,https://example.com/search-products,398,0,27
1789034628270,368,View Product,200,OK,Thread Group 1-9,text,true,,2018,203,20,20,https://example.com/view-product,258,0,22
1789034628405,600,Add to Cart,200,OK,Thread Group 1-9,text,true,,991,204,20,20,https://example.com/add-to-cart,420,0,49
1789034628540,927,Checkout,200,OK,Thread Group 1-9,text,true,,1118,140,20,20,https://example.com/checkout,649,0,24
1789034628675,246,Logout,200,OK,Thread Group 1-9,text,true,,1105,116,20,20,https://example.com/logout,172,0,43
1789034629000,263,Login,200,OK,Thread Group 1-10,text,true,,1867,140,20,20,https://example.com/login,184,0,47
1789034629135,864,Search Products,200,OK,Thread Group 1-10,text,true,,1619,182,20,20,https://example.com/search-products,605,0,42
1789034629270,460,View Product,200,OK,Thread Group 1-10,text,true,,2579,224,20,20,https://example.com/view-product,322,0,38
1789034629405,1040,Add to Cart,200,OK,Thread Group 1-10,text,true,,2320,188,20,20,https://example.com/add-to-cart,728,0,24
1789034629540,990,Checkout,200,OK,Thread Group 1-10,text,true,,2520,153,20,20,https://example.com/checkout,693,0,24
1789034629675,180,Logout,200,OK,Thread Group 1-10,text,true,,784,219,20,20,https://example.com/logout,126,0,13
1789034630000,515,Login,200,OK,Thread Group 1-11,text,true,,2482,135,20,20,https://example.com/login,360,0,31
1789034630135,580,Search Products,200,OK,Thread Group 1-11,text,true,,1427,179,20,20,https://example.com/search-products,406,0,43
1789034630270,414,View Product,200,OK,Thread Group 1-11,text,true,,2051,212,20,20,https://example.com/view-product,290,0,29
1789034630405,574,Add to Cart,200,OK,Thread Group 1-11,text,true,,1817,158,20,20,https://example.com/add-to-cart,402,0,25
1789034630540,900,Checkout,200,OK,Thread Group 1-11,text,true,,1890,96,20,20,https://example.com/checkout,630,0,34
1789034630675,206,Logout,200,OK,Thread Group 1-11,text,true,,2094,236,20,20,https://example.com/logout,144,0,33
1789034631000,431,Login,200,OK,Thread Group 1-12,text,true,,1138,141,20,20,https://example.com/login,302,0,18
1789034631135,348,Search Products,200,OK,Thread Group 1-12,text,true,,2089,170,20,20,https://example.com/search-products,244,0,43
1789034631270,434,View Product,200,OK,Thread Group 1-12,text,true,,2205,157,20,20,https://example.com/view-product,304,0,14
1789034631405,832,Add to Cart,200,OK,Thread Group 1-12,text,true,,2371,234,20,20,https://example.com/add-to-cart,582,0,19
1789034631540,616,Checkout,200,OK,Thread Group 1-12,text,true,,2853,170,20,20,https://example.com/checkout,431,0,12
1789034631675,189,Logout,200,OK,Thread Group 1-12,text,true,,1200,199,20,20,https://example.com/logout,132,0,16
1789034632000,286,Login,200,OK,Thread Group 1-13,text,true,,2574,142,20,20,https://example.com/login,200,0,10
1789034632135,446,Search Products,200,OK,Thread Group 1-13,text,true,,2089,235,20,20,https://example.com/search-products,312,0,11
1789034632270,433,View Product,200,OK,Thread Group 1-13,text,true,,1439,149,20,20,https://example.com/view-product,303,0,37
1789034632405,783,Add to Cart,200,OK,Thread Group 1-13,text,true,,2958,217,20,20,https://example.com/add-to-cart,548,0,30
1789034632540,1544,Checkout,200,OK,Thread Group 1-13,text,true,,2816,190,20,20,https://example.com/checkout,1081,0,32
1789034632675,332,Logout,200,OK,Thread Group 1-13,text,true,,1705,147,20,20,https://example.com/logout,232,0,21
1789034633000,223,Login,200,OK,Thread Group 1-14,text,true,,766,234,20,20,https://example.com/login,156,0,20
1789034633135,352,Search Products,200,OK,Thread Group 1-14,text,true,,1272,239,20,20,https://example.com/search-products,246,0,49
1789034633270,300,View Product,200,OK,Thread Group 1-14,text,true,,1944,190,20,20,https://example.com/view-product,210,0,20
1789034633405,897,Add to Cart,200,OK,Thread Group 1-14,text,true,,962,220,20,20,https://example.com/add-to-cart,628,0,45
1789034633540,683,Checkout,200,OK,Thread Group 1-14,text,true,,816,200,20,20,https://example.com/checkout,478,0,34
1789034633675,258,Logout,200,OK,Thread Group 1-14,text,true,,2304,158,20,20,https://example.com/logout,181,0,11
1789034634000,621,Login,200,OK,Thread Group 1-15,text,true,,1696,190,20,20,https://example.com/login,435,0,46
1789034634135,827,Search Products,200,OK,Thread Group 1-15,text,true,,1287,162,20,20,https://example.com/search-products,579,0,24
1789034634270,745,View Product,200,OK,Thread Group 1-15,text,true,,1575,145,20,20,https://example.com/view-product,522,0,39
1789034634405,733,Add to Cart,200,OK,Thread Group 1-15,text,true,,2693,99,20,20,https://example.com/add-to-cart,513,0,45
1789034634540,1388,Checkout,200,OK,Thread Group 1-15,text,true,,1569,130,20,20,https://example.com/checkout,972,0,29
1789034634675,197,Logout,200,OK,Thread Group 1-15,text,true,,2816,224,20,20,https://example.com/logout,138,0,30
1789034635000,239,Login,200,OK,Thread Group 1-16,text,true,,2860,81,20,20,https://example.com/login,167,0,27
1789034635135,498,Search Products,200,OK,Thread Group 1-16,text,true,,1056,184,20,20,https://example.com/search-products,349,0,21
1789034635270,420,View Product,200,OK,Thread Group 1-16,text,true,,2255,218,20,20,https://example.com/view-product,294,0,22
1789034635405,589,Add to Cart,200,OK,Thread Group 1-16,text,true,,1332,132,20,20,https://example.com/add-to-cart,412,0,32
1789034635540,891,Checkout,200,OK,Thread Group 1-16,text,true,,2018,91,20,20,https://example.com/checkout,624,0,11
1789034635675,144,Logout,200,OK,Thread Group 1-16,text,true,,1668,156,20,20,https://example.com/logout,101,0,46
1789034636000,389,Login,200,OK,Thread Group 1-17,text,true,,2261,152,20,20,https://example.com/login,272,0,20
1789034636135,631,Search Products,200,OK,Thread Group 1-17,text,true,,2753,101,20,20,https://example.com/search-products,442,0,40
1789034636270,263,View Product,200,OK,Thread Group 1-17,text,true,,809,209,20,20,https://example.com/view-product,184,0,12
1789034636405,548,Add to Cart,200,OK,Thread Group 1-17,text,true,,766,162,20,20,https://example.com/add-to-cart,384,0,49
1789034636540,1057,Checkout,200,OK,Thread Group 1-17,text,true,,1220,85,20,20,https://example.com/checkout,740,0,50
1789034636675,217,Logout,200,OK,Thread Group 1-17,text,true,,1464,194,20,20,https://example.com/logout,152,0,50
1789034637000,502,Login,200,OK,Thread Group 1-18,text,true,,2803,123,20,20,https://example.com/login,351,0,28
1789034637135,545,Search Products,200,OK,Thread Group 1-18,text,true,,2730,93,20,20,https://example.com/search-products,382,0,24
1789034637270,332,View Product,200,OK,Thread Group 1-18,text,true,,2435,185,20,20,https://example.com/view-product,232,0,47
1789034637405,1027,Add to Cart,200,OK,Thread Group 1-18,text,true,,1941,192,20,20,https://example.com/add-to-cart,719,0,23
1789034637540,772,Checkout,200,OK,Thread Group 1-18,text,true,,2850,215,20,20,https://example.com/checkout,540,0,45
1789034637675,313,Logout,200,OK,Thread Group 1-18,text,true,,1703,184,20,20,https://example.com/logout,219,0,42
1789034638000,479,Login,200,OK,Thread Group 1-19,text,true,,1136,178,20,20,https://example.com/login,335,0,43
1789034638135,687,Search Products,200,OK,Thread Group 1-19,text,true,,2152,100,20,20,https://example.com/search-products,481,0,17
1789034638270,666,View Product,200,OK,Thread Group 1-19,text,true,,2202,121,20,20,https://example.com/view-product,466,0,22
1789034638405,703,Add to Cart,200,OK,Thread Group 1-19,text,true,,1492,118,20,20,https://example.com/add-to-cart,492,0,29
1789034638540,742,Checkout,200,OK,Thread Group 1-19,text,true,,2924,180,20,20,https://example.com/checkout,519,0,33
1789034638675,276,Logout,200,OK,Thread Group 1-19,text,true,,2070,191,20,20,https://example.com/logout,193,0,19
1789034639000,261,Login,200,OK,Thread Group 1-20,text,true,,1880,228,20,20,https://example.com/login,183,0,44
1789034639135,570,Search Products,200,OK,Thread Group 1-20,text,true,,806,177,20,20,https://example.com/search-products,399,0,17
1789034639270,629,View Product,200,OK,Thread Group 1-20,text,true,,1532,207,20,20,https://example.com/view-product,440,0,19
1789034639405,475,Add to Cart,200,OK,Thread Group 1-20,text,true,,2742,159,20,20,https://example.com/add-to-cart,332,0,12
1789034639540,1040,Checkout,200,OK,Thread Group 1-20,text,true,,2513,170,20,20,https://example.com/checkout,728,0,40
1789034639675,220,Logout,200,OK,Thread Group 1-20,text,true,,1633,201,20,20,https://example.com/logout,154,0,18
